Timestamp,Do you agree to participate in this study?,"The strategies towards a circular economy will be evaluated under a set of criteria/indicators, which are considered qualitative because they cover multiple dimensions and subjectivity (environmental, social, and economic). For this purpose, we elaborated on the Likert-type scales, ranging from 1 (2est level) to 5 (4est level).  Please evaluate each strategy giving your evaluation under this scale (1-5). The fol2ing sections of the questionnaire will ask you about your ""perception"" of how much this strategy contributes to the transition towards a circular economy, in macro-level. Then,  you should indicate your opinion based on the scale like the one presented be2. ",M1.1,M1.2,M1.3,M1.4,M1.5,M1.6,M1.7,M1.8,M1.9,M1.10,M2.1,M2.2,M2.3,M2.4,M2.5,M2.6,M2.7,M2.8,M2.9,M2.10,M3.1,M3.2,M3.3,M3.4,M3.5,M3.6,M3.7,M3.8,M3.9,M3.10,M4.1,M4.2,M4.3,M4.4,M4.5,M4.6,M4.7,M4.8,M4.9,M4.10,M5.1,M5.2,M5.3,M5.4,M5.5,M5.6,M5.7,M5.8,M5.9,M5.10,M6.1,M6.2,M6.3,M6.4,M6.5,M6.6,M6.7,M6.8,M6.9,M6.10,M7.1,M7.2,M7.3,M7.4,M7.5,M7.6,M7.7,M7.8,M7.9,M7.10,M8.1,M8.2,M8.3,M8.4,M8.5,M8.6,M8.7,M8.8,M8.9,M8.10,M9.1,M9.2,M9.3,M9.4,M9.5,M9.6,M9.7,M9.8,M9.9,M9.10,M10.1,M10.2,M10.3,M10.4,M10.5,M10.6,M10.7,M10.8,M10.9,M10.10,M11.1,M11.2,M11.3,M11.4,M11.5,M11.6,M11.7,M11.8,M11.9,M11.10,M12.1,M12.2,M12.3,M12.4,M12.5,M12.6,M12.7,M12.8,M12.9,M12.10,M13.1,M13.2,M13.3,M13.4,M13.5,M13.6,M13.7,M13.8,M13.9,M13.10,M14.1,M14.2,M14.3,M14.4,M14.5,M14.6,M14.7,M14.8,M14.9,M14.10,M15.1,M15.2,M15.3,M15.4,M15.5,M15.6,M15.7,M15.8,M15.9,M15.10,M16.1,M16.2,M16.3,M16.4,M16.5,M16.6,M16.7,M16.8,M16.9,M16.10,M17.1,M17.2,M17.3,M17.4,M17.5,M17.6,M17.7,M17.8,M17.9,M17.10,M18.1,M18.2,M18.3,M18.4,M18.5,M18.6,M18.7,M18.8,M18.9,M18.10,M19.1,M19.2,M19.3,M19.4,M19.5,M19.6,M19.7,M19.8,M19.9,M19.10,M20.1,M20.2,M20.3,M20.4,M20.5,M20.6,M20.7,M20.8,M20.9,M20.10,M21.1,M21.2,M21.3,M21.4,M21.5,M21.6,M21.7,M21.8,M21.9,M21.10,M22.1,M22.2,M22.3,M22.4,M22.5,M22.6,M22.7,M22.8,M22.9,M22.10,M23.1,M23.2,M23.3,M23.4,M23.5,M23.6,M23.7,M23.8,M23.9,M23.10,M24.1,M24.2,M24.3,M24.4,M24.5,M24.6,M24.7,M24.8,M24.9,M24.10,Local,Do you act directly with the circular economy?,Self knowledge about circular economy,What is your segment of acting?,What sector does your organization operate in?,company_size,How do you describe your position in your organization?,Do you like to leave any comment?
44064.338599930554,1,4.0,2,3,2,5,4,4,4,3,3,3,4,4,3,5,5,4,4,3,3,3,2,5,3,3,3,4,5,5,2,1,3,5,4,5,5,3,3,3,4,2,3,4,2,3,3,3,3,2,2,2,2,3,3,2,3,3,3,3,3,3,4,3,2,3,3,3,2,4,1,1,3,5,3,3,3,4,3,3,2,2,4,4,2,4,4,5,5,5,5,5,4,2,1,3,3,3,3,2,2,2,4,2,2,4,4,2,2,2,2,2,5,5,4,3,3,3,3,4,3,2,4,3,3,3,3,4,4,3,3,2,3,2,3,5,5,4,4,5,1,2,4,4,3,4,4,3,3,4,2,2,4,5,2,5,5,4,4,4,4,3,4,3,2,4,4,3,3,3,3,2,3,3,3,2,2,2,2,3,1,2,3,3,2,2,2,3,3,3,3,2,4,3,2,3,3,4,4,3,3,2,2,2,1,2,4,3,3,2,2,2,5,3,1,2,4,3,3,2,2,2,4,4,2,3,3,3,3,2,2,2,5,4,2,5,5,4,4,5,3,2,"Denmark, Copenhagen",1,5,Waste processing and management,Tertiary sector (involves trade and the provision of services to consumers and /or companies),Grande,"Advisor (Senior advisor, advisor)",
44141.31332798611,1,,4,4,4,4,4,5,3,4,2,4,4,3,3,4,4,5,4,4,4,4,3,2,4,3,3,4,4,3,2,4,4,4,4,5,4,4,4,5,4,3,4,2,3,4,4,4,4,3,3,4,4,4,4,2,2,4,4,3,2,3,5,5,4,4,4,3,3,3,2,3,4,4,3,4,4,4,4,4,2,3,5,4,3,5,4,5,4,5,4,3,4,2,2,5,5,5,5,4,2,3,4,3,2,3,3,2,2,2,2,3,4,4,4,4,4,5,4,3,3,3,4,4,4,3,4,4,4,4,4,2,4,2,2,4,4,4,4,4,4,3,4,3,2,2,4,4,4,4,4,2,4,3,3,4,4,4,3,3,3,3,4,3,2,4,4,4,4,3,3,3,4,4,4,2,2,4,4,3,3,3,4,4,3,3,4,3,3,3,3,3,4,3,3,3,4,5,4,4,4,4,4,3,2,3,4,4,4,2,2,3,5,4,2,2,5,5,4,4,4,2,4,4,3,4,4,3,3,2,2,3,4,3,4,4,4,4,4,4,4,3,"Denmark, Aalborg",1,5,Academia/Research Institution,"Quinary Sector (involves non-profit services such as health, education, culture, research (unpaid), police, firefighters, civil guard and non-governmental organizations).",Média,"Middle Management (Senior director, director)",
44147.24842579861,1,5.0,3,1,2,4,3,5,4,5,3,3,4,5,3,4,4,4,4,3,1,5,1,5,4,5,5,4,4,5,1,2,1,4,3,1,4,4,5,5,2,2,1,2,3,3,4,5,4,2,3,3,3,2,3,2,2,3,1,1,5,2,2,4,1,4,4,3,4,2,4,4,1,4,3,3,4,4,4,1,4,2,2,1,2,5,5,5,4,4,2,5,3,1,1,4,4,5,4,1,1,4,3,3,2,2,3,4,3,4,1,1,1,4,4,5,4,5,4,2,5,5,3,1,4,4,4,5,4,1,1,2,1,4,3,4,4,1,4,1,4,5,2,1,1,1,5,5,5,3,4,5,5,5,4,4,4,5,4,1,5,5,1,5,3,4,4,4,1,3,1,5,3,3,5,3,3,5,4,3,3,5,1,5,1,1,5,1,3,1,5,5,2,1,1,1,4,5,4,5,1,2,4,1,1,1,5,5,3,5,1,5,5,1,1,1,5,5,4,1,4,5,2,5,2,5,5,2,2,1,5,5,4,1,4,5,5,5,2,1,3,5,Denmark,1,4,Academia/Research Institution,"Quaternary Sector (involves intellectual activities, such as information generation and sharing), Quinary Sector (involves non-profit services such as health, education, culture, research (unpaid), police, firefighters, civil guard and non-governmental organizations).",Grande,PhD Fel2,
44228.581626203704,1,3.0,3,3,4,4,2,3,3,4,3,4,4,3,3,4,4,4,4,3,3,3,4,4,4,4,4,4,4,3,3,4,4,4,3,4,4,3,3,4,2,3,3,2,3,4,3,3,3,3,2,3,2,3,4,3,3,4,4,2,2,3,4,2,3,3,3,5,5,2,5,4,3,3,3,3,3,3,3,3,3,3,4,4,4,3,3,3,3,4,3,3,3,3,3,3,3,4,4,3,4,3,3,4,3,3,3,2,2,2,2,2,3,4,4,4,4,5,5,5,4,4,3,3,4,3,3,4,4,3,4,4,4,3,3,4,4,3,3,4,3,3,4,4,3,3,3,4,4,3,4,3,5,3,3,4,4,4,4,3,3,4,3,3,3,3,3,4,4,3,3,3,3,4,4,3,3,4,4,3,3,4,3,4,4,4,4,3,3,4,4,4,4,3,3,3,3,4,4,4,4,2,4,4,3,3,4,4,4,3,4,3,4,4,3,3,4,4,4,4,3,3,5,4,3,3,4,2,2,4,4,4,3,4,4,4,4,4,4,4,3,3,Denmark,0,3,Academia/Research Institution,"Quinary Sector (involves non-profit services such as health, education, culture, research (unpaid), police, firefighters, civil guard and non-governmental organizations).",Grande,"Managers(Senior manager, manager)",
44235.3616303125,1,,1,2,3,3,5,4,4,4,3,3,4,3,3,4,5,4,4,4,3,4,3,4,3,4,5,4,4,4,3,4,3,4,3,4,5,4,4,4,3,3,3,4,3,4,4,3,4,4,3,3,3,3,3,4,4,3,3,3,3,3,3,4,3,4,4,4,4,4,3,3,3,5,3,4,5,4,4,4,3,3,3,5,3,5,5,4,4,4,3,3,5,5,3,5,5,4,4,4,3,3,4,5,3,5,5,4,4,3,3,3,5,5,3,5,5,5,5,5,5,3,5,4,3,5,5,4,4,4,4,3,5,4,3,5,5,4,4,4,3,3,5,5,3,5,5,4,4,4,4,3,5,5,3,5,5,5,5,4,4,3,5,5,3,5,5,5,3,4,3,3,4,4,4,4,5,4,4,4,4,3,5,4,3,4,4,4,4,4,4,3,5,5,3,5,5,4,4,4,4,3,4,3,3,4,4,4,4,4,4,3,5,4,3,4,5,4,4,4,4,3,5,5,3,5,5,4,4,3,3,3,5,5,3,5,5,4,4,4,4,3,Denmark,I am not sure what that means. ,3,Academia/Research Institution,Research and education,Acadêmico,Professor,Some of the questions were really hard to understand due to the English language. 
44253.359798391204,1,4.0,3,4,4,4,4,4,4,4,4,4,4,3,3,3,4,4,4,3,3,3,3,3,4,3,3,4,4,3,3,3,3,5,4,4,4,4,4,4,3,3,3,3,3,4,4,4,4,4,4,3,3,4,5,4,4,4,4,4,4,4,3,3,4,3,3,4,4,3,4,3,3,5,4,4,4,4,4,4,4,4,3,5,4,4,4,4,4,4,4,4,3,5,4,4,4,4,4,4,4,3,3,4,3,4,4,3,3,3,4,3,4,5,4,5,5,5,5,4,4,4,3,4,4,4,4,4,4,4,4,4,3,4,4,4,4,4,4,4,4,3,3,4,4,4,4,4,4,4,4,4,3,5,3,4,5,5,4,4,4,4,3,4,4,4,4,4,4,4,4,4,3,4,4,4,4,4,4,4,4,3,2,5,4,4,4,3,4,4,5,4,3,4,4,4,4,4,4,4,4,4,3,4,4,4,4,4,4,4,4,4,4,4,4,4,4,4,4,4,4,4,3,5,4,5,5,4,4,3,4,3,3,4,4,4,4,4,4,4,4,4,Denmark,0,3,Academia/Research Institution,"Quinary Sector (involves non-profit services such as health, education, culture, research (unpaid), police, firefighters, civil guard and non-governmental organizations).",Grande,,
44266.66918603009,1,,4,4,2,4,4,2,2,2,3,4,4,4,3,5,5,3,3,4,4,4,4,4,4,4,4,4,2,4,4,4,4,5,4,5,5,4,3,4,4,4,4,4,3,4,4,4,4,4,5,4,5,4,3,3,3,3,3,2,4,4,4,5,4,4,4,5,4,2,3,3,4,4,3,3,3,4,4,3,3,4,4,4,4,5,5,4,3,4,5,5,4,4,4,4,4,4,4,2,2,3,4,4,3,4,4,4,4,4,2,2,2,4,4,5,5,5,5,4,5,4,3,3,4,3,3,4,4,3,3,3,3,4,4,5,5,4,2,4,3,4,4,4,3,4,4,4,3,3,3,4,5,4,3,5,5,3,4,4,4,4,4,4,4,5,5,5,2,4,3,4,5,5,5,3,3,5,5,4,4,3,4,3,3,4,4,4,1,2,3,4,4,4,4,4,1,4,4,4,5,4,2,4,3,4,5,4,4,4,4,4,4,4,4,5,5,5,1,5,2,5,4,4,2,5,5,4,2,3,4,4,4,3,4,5,5,4,2,2,3,4,Copenhagen,1,4,"Academia/Research Institution, Engineering",University,Grande,Student,
44267.62443628472,1,,4,5,4,4,4,3,4,4,4,4,5,5,4,5,5,4,5,3,4,4,5,5,5,5,5,5,5,5,5,5,3,3,3,3,3,2,3,2,2,3,4,4,5,4,5,4,4,4,5,4,4,3,5,2,2,3,4,4,4,4,4,4,4,3,3,4,4,4,4,4,4,4,5,3,4,4,4,4,4,4,5,4,5,5,5,5,5,4,4,5,4,4,4,3,3,4,4,4,4,4,4,4,4,4,4,4,4,4,4,4,4,4,4,4,4,4,4,4,4,4,4,5,5,3,4,5,5,4,4,4,4,4,4,4,4,4,4,4,4,4,4,4,4,4,4,4,4,4,4,4,5,4,5,4,4,4,4,4,5,4,5,5,3,4,5,5,5,5,5,5,5,4,5,4,5,4,5,4,5,4,5,5,5,5,5,5,5,5,5,5,5,5,5,5,5,5,5,5,4,4,5,5,3,5,5,5,5,5,4,5,5,5,3,5,5,5,5,5,5,5,5,5,3,5,5,5,5,5,5,5,5,5,3,4,5,5,4,5,5,5,"Denmark, Copenhagen ",1,4,"Academia/Research Institution, Consultancy, Engineering","Secondary Sector (involves the transformation of raw materials into goods), Tertiary sector (involves trade and the provision of services to consumers and /or companies), Quaternary Sector (involves intellectual activities, such as information generation and sharing)",Grande,"Advisor (Senior advisor, advisor)",
44267.6839027199,1,3.0,2,3,2,5,3,5,5,3,4,3,5,3,4,5,5,4,4,5,2,4,2,2,4,1,2,5,5,5,4,4,3,5,5,5,5,5,5,5,5,5,4,3,3,2,4,4,4,3,3,3,3,1,5,2,1,5,5,3,5,1,5,1,1,3,2,5,5,3,2,1,3,5,3,3,3,2,2,4,4,3,2,2,2,2,2,4,4,4,4,2,3,3,1,3,3,3,3,3,3,2,2,2,2,1,1,1,1,3,3,1,5,1,4,2,1,5,3,4,3,4,2,1,4,2,2,4,4,4,4,2,5,4,3,3,4,4,4,4,4,5,2,3,3,3,3,4,4,2,2,4,5,2,3,5,5,3,3,3,3,5,1,3,1,1,1,3,3,3,3,1,5,5,5,1,1,3,3,3,3,3,1,4,2,5,5,2,2,3,3,4,3,2,2,5,5,2,2,3,2,4,3,4,2,4,4,4,4,3,3,4,4,5,3,4,4,5,1,4,3,5,2,5,2,5,4,2,2,4,4,2,3,3,4,5,5,4,4,4,3,4,"Copenhagen, Denmark",1,4,"Consultancy, Textile, Footwear and/or Apparel",Tertiary sector (involves trade and the provision of services to consumers and /or companies),Pequena,"Managers(Senior manager, manager)",
44268.13351759259,1,3.0,2,3,2,5,3,5,5,3,4,3,5,3,4,5,5,4,4,5,2,4,2,2,4,1,2,5,5,5,4,4,3,5,5,5,5,5,5,5,5,5,4,3,3,2,4,4,4,3,3,3,3,1,5,2,1,5,5,3,5,1,5,1,1,3,2,5,5,3,2,1,3,5,3,3,3,2,2,4,4,3,2,2,2,2,2,4,4,4,4,2,3,3,1,3,3,3,3,3,3,2,2,2,2,1,1,1,1,3,3,1,5,1,4,2,1,5,3,4,3,4,2,1,4,2,2,4,4,4,4,2,5,4,3,3,4,4,4,4,4,5,2,3,3,3,3,4,4,2,2,4,5,2,3,5,5,3,3,3,3,5,1,3,1,1,1,3,3,3,3,1,5,5,5,1,1,3,3,3,3,3,1,4,2,5,5,2,2,3,3,4,3,2,2,5,5,2,2,3,2,4,3,4,2,4,4,4,4,3,3,4,4,5,3,4,4,5,1,4,3,5,2,5,2,5,4,2,2,4,4,2,3,3,4,5,5,4,4,4,3,4,"Copenhagen, Denmark",1,4,"Consultancy, Textile, Footwear and/or Apparel",Tertiary sector (involves trade and the provision of services to consumers and /or companies),Pequena,"Managers(Senior manager, manager)",
44268.53277734954,1,,1,4,3,5,4,4,3,3,4,4,4,3,3,5,4,2,5,4,4,4,1,4,3,2,4,4,1,3,3,3,4,4,4,5,4,5,2,5,4,3,5,3,3,2,2,4,4,4,5,5,5,2,5,2,2,3,3,3,5,3,5,2,2,4,2,3,5,5,4,3,3,4,4,4,4,3,3,4,3,3,3,5,3,5,5,5,2,4,3,3,4,3,4,3,3,5,4,2,3,3,5,3,3,4,4,3,5,4,3,3,5,5,4,4,4,5,4,4,4,3,4,3,4,4,4,4,4,5,3,3,5,4,1,4,4,5,4,3,3,3,3,3,3,4,4,5,4,4,4,3,5,4,4,4,4,4,4,3,3,3,2,4,1,4,4,5,4,5,4,2,5,5,5,2,2,4,4,2,2,2,5,5,5,4,4,4,1,4,4,4,4,4,3,3,4,4,4,4,4,4,4,3,1,4,4,4,4,4,3,3,4,4,1,4,4,4,2,2,3,3,4,4,2,4,4,2,4,4,4,3,4,4,3,3,3,3,3,3,3,3,Denmark,Sustainability/Engineering,4,"Academia/Research Institution, Energy and heat processing and management, Chemical, Engineering, Mining, metals, and minerals","Secondary Sector (involves the transformation of raw materials into goods), Quaternary Sector (involves intellectual activities, such as information generation and sharing), PhD",Média,"Advisor (Senior advisor, advisor)",
44268.67943267361,1,,4,4,3,4,4,3,4,4,3,4,5,4,3,5,5,4,4,3,4,3,3,5,4,4,3,5,5,3,5,3,4,4,4,4,4,4,4,5,4,3,3,2,2,3,3,3,4,3,2,3,3,4,5,2,2,2,2,1,3,4,3,4,4,4,5,5,5,3,4,4,4,5,5,4,5,3,3,2,3,4,4,4,3,5,5,4,2,4,5,5,2,2,2,3,5,3,4,4,1,3,4,4,3,3,4,4,4,4,3,5,3,5,2,3,4,5,4,4,4,3,2,2,5,2,2,4,2,1,1,5,4,5,2,4,4,4,4,4,3,2,4,4,4,3,4,3,3,3,2,4,5,4,4,5,5,3,3,4,3,4,2,4,2,4,4,4,4,3,2,4,2,5,5,2,3,3,4,1,2,2,1,5,3,2,5,2,1,4,4,5,4,2,3,5,5,3,3,4,4,3,2,1,2,1,4,4,3,4,4,4,4,4,2,1,4,4,1,2,2,5,3,4,1,4,5,1,1,2,2,5,4,4,4,5,5,3,3,4,2,4,"Denmark, Copenhagen",1,4,"Academia/Research Institution, Waste processing and management, Agrifood, Engineering",Tertiary sector (involves trade and the provision of services to consumers and /or companies),Pequena,"Advisor (Senior advisor, advisor)",
44269.65186267361,1,,4,4,4,3,3,4,4,4,4,5,4,5,4,5,5,5,5,5,5,4,3,5,5,5,5,5,5,5,3,5,3,5,5,5,5,4,4,5,5,5,3,4,4,4,4,5,5,5,5,5,3,3,3,3,3,3,3,3,3,3,5,5,5,5,4,5,5,5,5,5,3,5,4,5,5,4,4,4,4,5,3,4,5,5,5,4,5,4,5,5,3,4,4,5,4,4,5,4,4,5,3,5,5,5,5,5,5,5,5,5,3,4,4,4,4,4,4,4,4,4,3,4,4,4,4,4,4,4,4,4,3,4,4,4,4,4,4,4,4,4,3,4,4,4,4,4,4,4,4,4,3,4,4,4,4,4,4,4,4,4,3,4,4,4,4,4,4,4,4,4,3,2,2,2,2,2,2,2,2,2,3,4,4,4,4,4,4,4,4,4,3,5,5,5,5,5,5,5,5,5,4,5,5,5,5,5,5,5,5,5,3,4,4,4,4,4,4,4,4,4,3,4,4,4,4,4,4,4,4,4,3,5,5,5,5,5,5,5,5,5,Denmark,Partly - not 100% focused,4,"Consultancy, Water processing and management, Automotive, Ceramic, cement., Engineering, Construction, Disinfection, Technology for waste management, Health, Construction, Aviation","Tertiary sector (involves trade and the provision of services to consumers and /or companies), Quaternary Sector (involves intellectual activities, such as information generation and sharing), Quinary Sector (involves non-profit services such as health, education, culture, research (unpaid), police, firefighters, civil guard and non-governmental organizations).",Micro,"Executive or Strategic Manager  (Senior executive, executive)",
44270.308216527774,1,,3,3,4,4,4,2,2,3,3,3,4,5,4,5,4,3,4,3,3,3,2,3,4,4,4,4,4,4,4,4,2,5,5,5,5,4,3,5,5,3,4,5,5,5,5,4,4,4,4,5,1,5,5,5,4,5,2,4,4,4,4,5,5,5,5,4,2,3,4,4,3,4,5,4,4,3,4,4,4,4,2,5,5,5,5,4,4,4,4,3,5,4,2,4,5,4,4,1,1,3,3,4,3,3,4,4,4,2,2,3,3,5,5,5,5,5,2,5,5,5,2,5,5,5,5,5,4,5,5,5,1,5,5,5,5,5,5,5,5,5,4,5,5,5,5,4,4,2,4,4,1,5,5,5,5,2,2,5,5,5,1,4,4,5,5,4,4,5,5,4,4,5,5,4,5,5,4,2,5,5,1,3,2,5,5,1,1,5,5,5,4,4,4,4,2,3,4,2,1,4,4,5,3,4,5,4,4,2,4,5,4,5,5,2,4,4,4,2,4,4,2,5,3,5,5,4,4,5,5,4,3,5,5,5,5,4,4,5,5,5,Denmark,1,4,"Consultancy, Energy and heat processing and management, Engineering, Construction","Quaternary Sector (involves intellectual activities, such as information generation and sharing)",Micro,"Executive or Strategic Manager  (Senior executive, executive)",
44270.314656145834,1,,4,3,4,3,5,5,5,5,5,5,5,5,3,5,5,5,4,4,3,5,3,5,4,5,5,5,5,5,5,5,3,5,5,5,5,5,5,5,3,4,3,5,5,5,5,5,5,5,5,4,5,1,5,1,1,5,5,1,1,5,4,5,5,5,5,5,5,4,3,5,1,5,3,5,5,5,3,5,3,3,3,3,5,5,5,5,5,5,3,5,3,3,1,5,5,3,3,3,1,5,5,3,1,5,5,5,5,4,5,5,4,5,5,5,5,5,5,5,5,4,3,3,4,5,5,5,5,5,5,3,5,5,1,5,5,5,5,5,3,5,3,4,1,1,5,5,5,5,5,5,5,4,3,5,5,5,1,5,5,5,3,5,3,4,5,5,5,5,4,5,3,1,5,1,1,5,5,1,1,5,1,5,2,5,5,4,4,5,5,4,5,5,5,5,5,5,5,5,5,5,5,3,1,5,5,5,5,5,5,5,4,3,1,3,5,5,5,5,5,5,3,4,3,5,5,4,4,5,5,4,5,3,2,5,5,5,5,5,3,5,Denmark,0,4,Non-governmental organization (NGO),"Quinary Sector (involves non-profit services such as health, education, culture, research (unpaid), police, firefighters, civil guard and non-governmental organizations).",Micro,"Advisor (Senior advisor, advisor)",
44270.34072814815,1,,4,2,3,4,4,3,3,2,2,5,5,5,3,5,5,3,4,2,2,5,2,3,4,4,4,3,3,2,4,5,4,5,5,5,5,4,4,4,3,5,4,4,3,3,4,4,4,4,3,5,3,3,5,3,3,3,3,4,4,4,5,3,3,5,5,1,4,4,3,5,3,3,3,3,3,3,3,3,3,3,4,4,4,4,4,4,4,4,3,5,3,3,3,4,4,3,3,3,3,3,4,4,3,4,4,3,3,4,3,5,4,5,5,5,5,4,4,3,3,5,4,4,4,4,4,3,3,3,3,3,5,5,3,5,5,4,4,4,3,5,4,3,3,3,3,4,4,4,3,5,5,5,4,4,4,3,3,3,3,5,4,4,4,4,4,4,4,3,3,5,5,3,5,3,3,4,4,3,3,4,3,5,3,3,4,3,3,4,4,5,4,4,3,3,5,4,4,4,3,4,4,3,3,3,3,4,4,3,4,5,4,3,3,3,4,3,3,4,3,4,4,5,4,5,5,4,4,4,4,5,4,4,4,5,5,4,4,4,4,5,"Denmark, Copenhagen",1,5,"Textile, Footwear and/or Apparel",Tertiary sector (involves trade and the provision of services to consumers and /or companies),Grande,"Middle Management (Senior director, director)",
44271.30037747685,1,,3,4,4,2,2,4,4,2,4,2,5,2,3,5,5,4,4,4,3,4,3,3,3,5,4,4,4,2,4,4,1,2,4,4,4,3,3,4,4,2,5,5,4,3,4,4,4,5,4,4,3,5,5,3,3,2,2,3,4,2,3,5,5,5,4,3,3,3,4,4,5,5,2,2,2,2,2,4,2,2,4,4,4,5,5,5,4,4,4,2,3,3,4,2,2,4,3,4,5,1,3,4,4,3,3,3,3,4,5,1,4,5,4,4,4,4,4,5,4,2,4,3,5,3,3,4,4,3,3,3,5,3,3,5,5,4,4,3,4,2,4,2,3,3,5,4,3,4,4,2,5,5,3,4,4,4,4,4,4,2,1,1,2,5,4,4,3,5,2,5,3,4,5,3,3,4,4,4,4,2,2,2,2,1,5,4,2,4,4,4,2,2,2,3,3,4,2,4,4,4,3,2,2,3,5,4,2,4,4,4,1,4,2,3,5,5,4,4,4,4,1,2,2,4,5,2,2,4,4,4,1,3,4,5,5,4,2,1,4,5,Denmark,1,4,"Textile, Footwear and/or Apparel",Secondary Sector (involves the transformation of raw materials into goods),Micro,"Advisor (Senior advisor, advisor), Staff (operational jobs)",Interesting research I would love to hear more about its future development. I can be reached at luis.ageitos.l@gmail.com
44271.56811822917,1,5.0,4,4,5,4,4,3,3,1,3,4,4,5,4,4,5,4,4,1,2,3,4,4,2,3,4,5,4,3,4,4,4,5,4,5,5,2,3,2,2,4,4,3,4,3,4,2,2,3,3,3,1,3,4,4,4,3,3,2,3,4,4,5,3,4,3,4,3,3,4,4,3,4,3,4,3,4,4,3,3,4,4,4,3,3,3,4,3,3,3,3,5,4,4,5,5,2,2,3,2,3,3,4,4,4,4,4,2,4,4,4,3,4,3,4,4,3,2,2,4,3,4,4,4,3,4,3,3,2,3,4,5,4,3,5,5,4,3,3,3,4,3,4,3,4,4,3,2,3,3,3,3,3,4,5,5,4,2,3,2,4,5,4,4,4,5,4,2,1,2,4,4,4,3,3,4,3,3,2,3,4,4,4,3,3,4,3,3,2,3,3,5,5,4,5,5,3,3,2,2,4,5,4,3,5,4,3,3,1,1,5,4,3,4,4,4,3,3,3,3,4,4,5,4,5,5,3,3,2,2,4,3,4,4,5,4,3,3,2,3,3,"Denmark, Odense C",1,5,"Waste processing and management, Energy and heat processing and management, Water processing and management, Agrifood, Recycling, Engineering, Construction","Quinary Sector (involves non-profit services such as health, education, culture, research (unpaid), police, firefighters, civil guard and non-governmental organizations).",Individual,"Managers(Senior manager, manager)",
44272.302656087966,1,,2,3,4,3,4,3,3,2,3,4,3,4,3,5,5,3,3,3,4,5,3,4,4,5,5,3,3,4,3,5,4,5,4,5,5,4,2,3,3,4,4,4,3,4,5,3,3,4,4,4,3,4,4,1,1,2,3,3,4,4,2,2,3,4,4,4,3,3,3,4,2,4,3,2,3,3,2,3,3,4,2,2,3,5,5,4,2,3,4,4,2,3,2,4,5,3,2,3,3,4,3,2,3,4,5,3,3,2,3,3,3,4,5,5,5,4,2,3,4,4,3,3,4,4,3,4,2,2,3,3,3,4,3,5,5,4,2,3,3,4,4,4,5,5,5,3,3,4,4,2,4,4,4,4,4,4,3,3,3,4,3,4,3,5,5,4,2,3,4,4,3,3,5,3,2,3,3,2,2,4,2,5,2,4,5,2,2,2,2,4,3,4,3,3,3,4,4,4,4,3,4,4,2,3,5,4,2,3,4,3,2,4,2,2,5,4,2,3,4,4,2,3,4,4,5,4,3,3,4,3,3,4,4,5,5,4,2,3,4,3,Arnhem,1,4,Furniture,Secondary Sector (involves the transformation of raw materials into goods),Grande,"Executive or Strategic Manager  (Senior executive, executive)",
44273.35282777778,1,,4,4,3,4,5,3,3,4,3,4,5,4,3,5,5,3,3,2,2,4,4,5,4,5,5,4,4,4,3,4,5,5,3,4,5,2,2,1,1,5,4,4,3,4,4,3,3,4,4,5,4,5,4,5,5,3,3,1,1,5,4,3,3,5,5,4,4,3,3,4,4,3,3,4,4,3,3,3,3,4,4,5,4,3,5,4,3,4,3,5,5,4,3,3,5,4,4,2,2,5,4,3,3,5,5,2,2,2,2,5,4,5,3,4,5,4,4,3,3,4,4,4,3,3,4,3,3,2,2,4,5,5,4,5,5,3,3,2,2,5,4,3,3,3,3,2,2,3,2,4,5,4,3,4,5,3,3,2,2,5,5,4,3,4,4,2,2,1,1,5,4,5,5,4,4,4,4,2,2,5,3,4,3,4,4,4,4,3,3,4,4,3,4,3,5,4,4,2,2,4,5,5,3,3,5,4,4,3,3,5,5,5,4,3,5,2,2,1,1,5,5,5,3,5,5,1,1,1,1,5,5,4,3,5,5,3,3,2,2,5,Denmark,0,4,Engineering,"Quaternary Sector (involves intellectual activities, such as information generation and sharing)",Sem empresa,Unemployed,
44273.40172109954,1,,5,5,3,4,5,5,4,4,3,2,5,2,3,5,3,5,4,5,4,3,5,3,4,5,5,2,4,2,4,4,5,5,5,5,5,4,3,2,2,4,5,3,3,4,5,5,4,4,4,2,5,2,5,2,2,1,1,2,2,5,5,2,4,5,5,5,5,4,2,4,3,4,5,5,5,4,3,2,2,4,4,3,4,5,5,3,3,4,2,3,5,3,3,4,5,4,4,4,2,3,5,3,2,3,3,4,4,3,3,3,5,5,5,5,5,5,5,5,2,2,3,2,4,4,3,4,1,4,3,3,4,5,4,4,5,4,3,4,2,3,3,4,3,4,4,4,2,4,1,2,4,2,4,5,5,5,2,4,1,2,5,4,2,4,4,3,3,4,2,4,3,3,5,3,3,3,3,3,3,3,4,5,2,3,4,4,4,2,2,4,3,2,2,2,2,4,4,3,3,3,3,1,1,2,4,4,4,3,3,3,5,2,3,2,5,4,2,2,1,5,4,5,2,5,5,3,3,4,1,4,4,5,4,5,5,4,2,4,5,4,"Denmark, Copenhagen",1,5,Consultancy,"Secondary Sector (involves the transformation of raw materials into goods), Tertiary sector (involves trade and the provision of services to consumers and /or companies), Quaternary Sector (involves intellectual activities, such as information generation and sharing)",Pequena,"Executive or Strategic Manager  (Senior executive, executive)",
44278.66676978009,1,,4,3,4,4,3,2,2,3,4,4,4,3,3,5,5,4,4,5,4,4,3,4,3,4,4,3,3,4,3,4,4,5,4,5,5,4,4,5,5,4,3,3,4,5,3,2,2,3,3,3,4,4,4,3,2,4,4,4,4,4,3,2,4,4,3,3,2,3,3,3,4,4,4,3,2,2,2,1,1,4,4,1,4,3,2,2,1,3,3,4,5,3,4,4,3,2,2,1,2,4,4,1,3,3,2,2,1,2,1,3,4,5,4,4,3,4,3,4,4,4,3,4,4,4,3,2,1,4,3,4,4,4,3,4,3,4,2,4,3,4,4,4,2,4,4,2,1,2,3,4,3,2,3,3,2,2,2,3,4,3,3,4,3,4,4,3,3,4,3,4,4,5,5,3,2,4,4,2,1,4,4,3,3,4,3,2,2,1,2,3,3,3,3,3,3,4,2,4,4,3,4,4,3,5,4,4,4,4,3,4,5,5,4,4,4,4,2,3,4,4,4,5,3,5,4,3,2,1,2,4,4,4,4,5,4,3,2,3,3,3,Denmark,1,4,"Waste processing and management, Textile, Footwear and/or Apparel, Recycling","Quinary Sector (involves non-profit services such as health, education, culture, research (unpaid), police, firefighters, civil guard and non-governmental organizations).",Micro,"Advisor (Senior advisor, advisor)",
44280.26428365741,1,,5,3,4,5,3,4,3,4,3,2,4,2,3,4,4,4,4,3,3,4,2,2,3,4,3,5,4,4,4,3,3,4,3,4,4,4,4,4,5,3,5,4,4,3,3,4,3,4,3,3,3,2,3,3,3,3,3,4,4,3,3,4,4,3,3,3,3,3,3,3,3,4,3,3,3,3,3,3,3,3,4,4,5,4,4,4,3,4,4,3,3,3,3,3,3,3,3,3,3,3,3,3,4,4,3,5,5,5,3,3,5,5,5,4,3,5,4,4,4,4,4,4,4,3,3,3,3,3,3,3,3,3,3,3,3,3,3,3,3,3,4,4,3,4,4,4,4,3,3,3,5,2,3,3,3,3,3,3,3,3,4,4,4,4,4,4,4,4,4,4,4,4,4,2,3,4,4,3,4,3,4,4,4,4,4,3,3,3,3,4,3,3,3,3,3,5,5,4,3,2,4,4,4,4,4,4,4,3,4,4,3,3,3,3,3,3,3,3,3,3,4,4,4,4,4,4,4,4,4,4,3,4,3,5,5,4,4,4,2,4,Denmark,1,5,"Academia/Research Institution, Consultancy",Secondary Sector (involves the transformation of raw materials into goods),Grande,"Advisor (Senior advisor, advisor)",
44280.29999141204,1,,5,5,3,5,4,5,5,5,4,3,4,3,3,5,4,4,4,4,4,4,3,3,4,3,3,4,4,3,3,3,2,5,4,5,5,4,4,5,5,5,2,4,3,3,5,5,4,5,5,5,3,5,5,5,4,5,5,5,5,3,2,5,5,5,5,5,5,4,5,5,3,2,5,5,5,5,5,5,5,2,2,5,5,5,5,5,4,4,5,3,3,3,5,5,5,5,5,5,4,3,4,5,5,5,5,5,5,5,5,4,1,5,5,5,5,5,5,5,5,5,2,3,5,4,4,5,5,5,3,3,1,2,3,5,5,5,5,4,5,3,1,3,3,4,5,5,3,4,5,3,1,5,3,5,5,5,3,5,5,4,1,5,4,5,5,5,5,5,5,5,2,5,5,3,3,5,5,3,4,2,1,5,5,5,5,5,5,5,5,3,3,3,3,4,4,5,4,4,1,3,3,3,3,3,5,5,5,5,4,4,4,4,5,1,5,5,1,4,3,4,3,3,3,5,4,3,3,3,3,3,2,3,5,5,5,5,3,4,5,3,Denmark,1,5,"Construction, Municipality","Tertiary sector (involves trade and the provision of services to consumers and /or companies), Quaternary Sector (involves intellectual activities, such as information generation and sharing)",Grande,Staff (operational jobs),Best of luck
44284.178019432875,1,,3,4,3,3,4,3,3,3,3,3,5,5,3,4,4,3,3,4,4,4,3,3,3,4,4,3,3,4,4,4,4,4,3,5,5,3,3,4,4,4,3,4,4,4,4,3,3,3,3,4,3,3,2,2,3,3,3,3,3,4,4,4,4,5,5,3,3,3,4,5,4,5,5,5,5,3,3,3,3,5,4,2,3,4,4,3,3,4,4,4,4,2,3,2,2,3,3,2,2,3,4,4,4,5,5,3,3,3,3,4,5,5,4,5,5,3,3,5,4,5,4,4,4,4,4,3,3,3,4,4,5,5,4,5,5,3,3,4,4,5,5,3,3,5,5,3,3,3,5,5,5,5,5,5,5,3,3,4,5,5,4,4,3,4,4,3,3,5,4,5,3,3,3,3,4,3,3,4,4,4,4,5,4,4,5,3,3,3,3,5,3,3,3,3,5,3,3,3,4,4,5,3,3,2,4,3,3,3,4,4,5,4,3,2,4,3,3,3,4,4,4,5,3,4,5,3,3,4,5,5,4,3,3,4,5,3,3,4,5,5,Denmark,1,5,Academia/Research Institution,"Quaternary Sector (involves intellectual activities, such as information generation and sharing)",Grande,Staff (operational jobs),I found I cuold not answer the ratings for each of the two Qs on cost the way they were phrased. I rated all the same therefore
44285.265177905094,1,3.0,4,3,4,3,3,4,4,4,4,4,4,4,3,4,4,4,4,4,4,4,3,3,3,3,3,4,4,4,4,4,3,4,4,4,5,4,4,4,4,4,4,4,3,4,4,4,4,4,4,4,4,4,4,4,4,4,4,4,4,4,4,4,3,3,3,4,4,4,4,4,4,4,4,4,4,4,4,4,4,4,4,4,4,4,4,4,4,4,4,4,4,3,3,4,4,4,4,4,4,4,4,4,4,4,4,4,4,4,4,4,4,4,4,4,4,4,4,4,4,4,4,4,4,4,4,4,4,4,4,4,4,5,3,4,4,4,4,4,4,4,5,5,3,5,5,4,4,4,4,4,5,4,3,4,4,4,4,4,4,4,4,4,3,4,4,4,4,4,4,4,4,3,4,3,3,3,3,3,3,3,4,4,3,4,4,4,4,4,4,4,4,4,3,4,4,4,4,4,4,4,4,4,3,4,4,4,4,4,4,4,4,4,3,4,4,4,4,4,4,4,4,4,3,5,5,4,4,4,4,4,4,4,3,4,4,4,4,4,4,4,Denmark,1,4,Academia/Research Institution,"Quinary Sector (involves non-profit services such as health, education, culture, research (unpaid), police, firefighters, civil guard and non-governmental organizations).",Grande,"Advisor (Senior advisor, advisor)",
44285.30237525463,1,,3,4,4,4,5,4,4,4,4,4,3,3,3,4,3,4,3,4,4,5,3,3,3,3,3,4,4,3,3,3,3,3,2,3,4,4,4,3,3,3,3,3,3,2,2,4,4,4,3,3,3,3,3,3,3,4,4,4,4,3,3,3,3,3,3,4,4,4,3,3,3,2,3,3,2,4,3,3,3,3,3,3,3,3,3,3,3,3,3,3,4,4,4,4,4,4,3,4,3,3,3,3,3,3,3,3,3,3,3,3,4,3,4,3,3,4,4,3,3,4,3,3,3,3,3,3,3,3,3,3,4,3,4,3,4,3,3,4,4,4,3,3,4,4,4,4,4,4,4,4,3,3,3,3,3,3,3,3,3,3,3,4,4,4,3,3,4,4,3,3,4,4,3,3,3,4,4,4,3,3,4,3,4,3,4,3,4,4,3,3,3,3,3,3,3,3,3,3,3,3,4,4,4,4,4,5,5,4,4,4,4,4,4,4,4,4,4,4,4,4,3,3,3,3,3,3,3,4,4,4,4,4,4,3,3,3,4,4,4,3,Denmstk,1,4,Recycling,Primary Sector (involves the extraction and/or production of raw materials),Média,"Executive or Strategic Manager  (Senior executive, executive)",
44286.193600694445,1,,4,5,4,5,5,4,4,2,4,2,4,4,3,5,4,4,4,2,2,2,4,3,5,4,3,5,4,4,3,3,4,5,5,4,4,5,5,4,3,3,5,4,3,3,3,3,3,4,4,3,4,4,5,3,3,4,4,4,3,3,4,4,4,3,3,5,4,4,3,3,3,4,4,3,3,4,4,5,4,3,5,4,4,5,4,5,4,4,5,3,4,3,4,3,3,4,4,3,3,3,4,5,4,4,4,4,4,3,2,3,3,5,5,4,4,4,4,2,2,3,3,5,5,3,3,5,4,3,2,3,5,5,4,4,4,5,4,2,2,3,4,4,3,3,4,4,4,4,2,3,4,4,3,4,4,4,4,4,2,2,3,4,4,4,4,4,4,3,2,2,4,4,5,3,3,4,4,2,2,2,3,4,4,3,3,5,5,3,4,3,4,2,2,2,1,2,2,2,5,3,3,4,4,4,5,4,4,2,2,3,4,3,3,3,4,4,4,2,4,3,3,5,4,5,5,3,3,3,4,3,4,4,5,5,4,5,5,3,3,3,Denmark,1,4,"Academia/Research Institution, Consultancy","Quaternary Sector (involves intellectual activities, such as information generation and sharing), Quinary Sector (involves non-profit services such as health, education, culture, research (unpaid), police, firefighters, civil guard and non-governmental organizations).",Pequena,"Managers(Senior manager, manager)",
44287.287503680556,1,,3,4,3,2,2,5,4,1,3,4,4,5,3,5,5,5,5,4,2,3,3,2,4,4,4,5,2,4,4,5,3,5,4,4,4,5,2,2,4,5,5,2,3,4,3,5,5,4,3,4,5,2,4,1,1,2,4,1,1,3,4,5,3,5,5,4,3,3,3,4,4,2,3,1,1,3,3,4,3,3,1,4,3,5,5,4,2,4,2,5,3,3,3,3,3,5,4,5,3,3,4,4,3,4,4,4,4,2,2,4,4,5,5,4,5,5,4,2,2,5,3,1,2,2,3,5,4,4,1,3,3,5,2,4,4,4,4,2,2,4,4,3,3,3,4,2,4,2,2,4,3,4,3,4,4,4,4,4,2,4,3,5,3,4,4,4,4,4,2,4,4,4,4,2,2,4,2,2,2,4,4,5,3,5,5,2,3,4,2,5,4,2,2,4,4,4,4,4,2,3,5,3,3,3,4,4,4,2,2,3,5,3,3,3,4,4,2,2,2,5,4,5,3,4,4,2,4,2,2,5,3,3,3,4,4,4,4,4,2,4,"Denmark, Greater Copenhagen",1,4,Academia/Research Institution,"Quaternary Sector (involves intellectual activities, such as information generation and sharing)",Grande,Master Thesis Student,
44289.407130057865,1,,4,4,5,4,4,2,2,3,4,4,4,5,5,5,4,3,3,3,3,4,5,5,3,5,5,3,3,2,3,5,5,5,4,5,5,4,3,4,3,5,3,4,4,5,5,3,3,4,3,5,5,3,4,3,3,3,3,3,3,4,4,5,5,5,5,4,4,2,2,4,4,4,3,4,4,3,2,4,3,4,4,5,5,5,5,2,3,4,4,5,5,5,3,3,4,4,4,4,3,4,5,5,3,3,3,2,2,3,3,3,3,4,3,4,4,5,4,4,4,4,3,4,5,4,4,5,5,1,3,3,3,4,3,3,4,4,3,3,3,4,5,5,4,5,5,3,3,3,3,5,5,5,3,5,5,4,4,3,3,5,4,4,4,4,4,4,3,5,4,4,4,4,5,4,3,3,3,3,4,4,5,5,3,3,4,3,3,3,4,4,5,5,4,5,5,3,3,4,4,5,5,5,3,4,4,4,3,4,4,4,4,4,3,4,4,4,3,3,3,4,4,4,3,4,4,4,4,3,4,4,4,4,3,4,4,4,3,2,3,4,Denmark,1,4,"Non-governmental organization (NGO), Waste processing and management, Energy and heat processing and management, Water processing and management, Recycling, Engineering","Secondary Sector (involves the transformation of raw materials into goods), Tertiary sector (involves trade and the provision of services to consumers and /or companies), Quaternary Sector (involves intellectual activities, such as information generation and sharing), Quinary Sector (involves non-profit services such as health, education, culture, research (unpaid), police, firefighters, civil guard and non-governmental organizations).",Pequena,"Executive or Strategic Manager  (Senior executive, executive)",
44298.286191770836,1,,1,2,2,2,3,4,4,4,4,3,2,4,3,4,4,4,4,4,4,3,2,2,3,3,3,4,4,4,4,2,2,2,3,4,4,4,4,4,4,3,2,2,3,3,3,4,4,4,4,3,2,3,4,2,2,4,3,4,4,3,1,4,3,2,4,4,4,2,5,4,2,4,3,3,3,4,4,4,4,4,2,1,2,4,2,4,4,4,4,2,4,2,2,2,3,4,4,4,4,2,2,2,4,3,3,4,4,4,4,3,1,2,2,3,3,4,4,5,4,2,2,5,4,3,3,4,4,4,4,3,2,3,2,4,4,4,4,4,4,2,2,3,3,3,3,3,3,4,4,4,2,4,3,4,4,4,4,4,4,4,2,4,3,4,4,4,4,4,4,4,4,4,4,3,3,4,4,4,4,4,2,3,2,2,2,4,4,4,4,4,4,2,3,3,1,4,4,4,4,4,2,3,4,4,4,4,4,4,4,4,4,2,2,2,4,4,4,5,5,3,2,4,4,5,4,4,4,4,4,4,2,3,4,4,3,4,4,4,4,4,Denmark,1,4,"Academia/Research Institution, Waste processing and management, Packaging, Agrifood","Primary Sector (involves the extraction and/or production of raw materials), Secondary Sector (involves the transformation of raw materials into goods), Tertiary sector (involves trade and the provision of services to consumers and /or companies), Quaternary Sector (involves intellectual activities, such as information generation and sharing), Quinary Sector (involves non-profit services such as health, education, culture, research (unpaid), police, firefighters, civil guard and non-governmental organizations).",Grande,Staff (operational jobs),
44299.70674353009,1,,4,3,4,4,3,4,3,3,4,4,4,4,4,3,3,4,4,3,3,3,3,4,3,4,3,3,3,3,4,3,4,4,4,4,4,3,3,4,4,4,3,3,4,2,2,3,3,3,3,3,3,2,3,3,2,2,2,3,3,3,3,4,4,4,3,4,3,4,4,3,2,2,2,2,2,2,2,2,3,3,4,4,4,4,3,4,3,4,3,3,4,3,2,3,3,2,2,3,3,3,4,4,4,4,3,3,3,3,3,3,3,4,3,3,3,3,3,4,4,3,3,3,4,3,3,3,3,3,4,3,4,4,4,4,3,3,3,4,4,3,4,3,3,3,3,3,3,3,4,3,4,3,3,3,3,3,3,3,3,3,4,4,4,4,3,4,3,4,4,3,3,3,4,2,2,2,2,3,3,3,4,4,4,3,3,2,2,3,3,3,4,3,4,3,3,4,3,4,4,3,4,3,3,3,2,3,3,4,3,3,3,4,2,2,2,4,3,3,4,3,4,3,3,3,2,3,3,4,3,3,4,3,4,4,3,3,3,4,4,3,"Aarhus, Denmark",Starting  Sustainable Start-up,5,"Consultancy, Non-governmental organization (NGO), Waste processing and management, Packaging, Engineering, Business","Secondary Sector (involves the transformation of raw materials into goods), Tertiary sector (involves trade and the provision of services to consumers and /or companies), Quaternary Sector (involves intellectual activities, such as information generation and sharing), Quinary Sector (involves non-profit services such as health, education, culture, research (unpaid), police, firefighters, civil guard and non-governmental organizations).",Micro,"Executive or Strategic Manager  (Senior executive, executive)",
44300.50471547454,1,,4,4,4,5,4,2,2,3,3,4,5,4,5,5,5,3,3,3,2,4,4,4,4,5,4,3,3,3,2,3,5,5,4,4,5,2,2,2,2,3,4,4,4,4,4,3,3,3,3,2,4,4,5,3,3,3,2,1,4,4,4,4,3,3,3,4,4,3,4,3,4,4,4,4,4,3,3,3,4,3,4,4,4,3,3,4,4,3,3,3,4,4,4,4,4,4,4,4,3,3,4,4,4,5,5,4,3,3,3,3,4,5,4,5,4,4,3,3,4,3,4,4,3,3,3,3,3,3,3,3,4,4,4,5,5,4,3,3,3,4,4,5,3,4,4,3,3,3,3,3,5,4,3,5,5,4,4,4,3,4,4,4,3,5,5,4,4,4,3,3,4,4,5,3,3,4,4,3,4,2,4,4,3,3,3,2,2,2,4,2,4,4,4,5,5,4,4,4,4,3,4,4,3,3,5,4,4,3,2,3,4,4,4,3,5,4,4,4,4,3,4,5,4,5,5,2,2,3,2,4,4,4,4,5,5,3,3,3,2,4,Copenhagen Denmark,1,4,"Academia/Research Institution, Recycling, Engineering","Quinary Sector (involves non-profit services such as health, education, culture, research (unpaid), police, firefighters, civil guard and non-governmental organizations).",Grande,Researcher,
44301.21814109954,1,,3,2,3,2,3,4,4,4,4,3,3,4,3,4,4,4,4,4,3,4,3,5,3,4,4,4,4,2,3,5,3,4,3,4,5,4,3,5,2,5,3,2,3,2,4,4,4,2,3,5,3,4,3,4,4,4,4,2,2,5,4,5,3,3,4,4,2,2,2,5,4,5,3,3,3,4,2,2,2,4,3,4,3,4,4,4,4,3,3,4,4,3,3,3,4,4,2,1,2,5,4,4,3,3,4,4,2,2,1,4,4,5,3,4,5,5,3,4,4,5,4,4,3,3,3,4,2,2,3,4,3,5,3,4,5,4,3,2,3,5,4,4,3,3,5,2,2,1,2,5,5,4,3,3,5,3,1,2,3,5,4,5,3,4,5,4,4,3,3,5,3,5,3,3,3,4,4,2,2,5,4,5,3,3,5,2,1,1,3,5,4,4,3,3,4,3,2,1,3,4,3,4,3,4,5,4,2,1,3,5,5,5,3,4,5,4,1,1,3,5,4,5,3,4,5,2,1,1,3,5,5,5,3,5,5,4,2,3,3,5,Denmark,0,4,Academia/Research Institution,,Grande,"Managers(Senior manager, manager)",The survey should be checked from a phone device. I coukd not click the 4est level on the scale on  2 questions. 
44301.30038743056,1,,1,4,4,3,3,3,3,1,2,4,3,2,2,1,2,4,4,4,4,4,2,5,5,5,5,2,2,1,3,5,1,5,5,5,5,3,3,1,1,5,1,1,3,1,2,4,4,2,3,4,1,1,1,1,1,3,3,1,1,3,1,1,4,1,3,4,4,1,1,1,1,5,5,5,5,1,1,1,1,5,1,1,1,1,3,4,4,4,4,2,1,1,4,2,3,2,2,4,3,1,1,3,3,1,3,2,2,1,1,1,1,2,2,1,2,4,4,3,3,2,1,1,1,1,1,4,4,1,1,1,1,1,4,2,4,2,2,3,1,1,1,3,2,1,2,4,4,3,2,1,1,2,3,1,1,5,5,4,4,1,1,1,2,1,2,5,5,2,1,1,1,1,1,1,1,5,5,1,1,1,1,1,2,1,4,2,2,1,1,2,1,1,1,1,1,5,5,3,1,2,1,2,4,1,3,4,4,2,4,1,1,1,1,1,3,5,2,1,1,1,1,1,1,1,2,5,2,1,1,2,1,1,2,3,5,5,5,5,3,5,Denmark,1,5,Non-governmental organization (NGO),"Quinary Sector (involves non-profit services such as health, education, culture, research (unpaid), police, firefighters, civil guard and non-governmental organizations).",Média,CE Expert,I suggest a question on the Extended Producer Responsibility (EPR) on packaging
44301.47358114584,1,,3,3,3,4,4,4,3,4,4,2,4,2,2,5,4,2,2,1,2,4,4,4,3,4,4,5,5,4,4,3,4,4,3,4,4,3,3,3,3,4,3,3,3,3,3,3,3,3,3,3,3,3,3,3,3,3,3,3,3,3,3,4,3,4,4,4,4,4,4,2,3,5,3,4,4,4,3,4,4,2,4,5,3,5,4,5,3,4,3,2,2,4,3,4,4,5,4,4,4,2,3,4,3,4,4,4,3,4,4,2,3,4,4,4,4,5,4,5,4,2,3,4,4,4,4,5,3,4,4,2,3,3,2,3,3,4,4,3,4,3,3,2,3,2,2,4,3,3,3,3,5,2,3,3,4,4,3,4,4,2,3,4,3,3,4,4,4,4,4,2,3,3,3,3,3,3,2,3,3,3,3,2,3,2,4,2,3,2,3,3,4,5,3,4,4,5,4,5,4,2,4,4,3,3,5,4,4,4,4,3,4,5,3,1,4,2,1,2,2,4,5,2,3,5,5,2,1,1,2,1,3,3,3,4,4,3,3,3,3,3,Denmark,1,5,Academia/Research Institution,"Quinary Sector (involves non-profit services such as health, education, culture, research (unpaid), police, firefighters, civil guard and non-governmental organizations).",Grande,"Managers(Senior manager, manager)",
44301.5595949537,1,,3,4,4,4,4,4,3,5,4,3,3,4,4,5,4,4,4,2,2,3,3,4,4,5,4,5,4,5,5,3,3,5,4,4,2,4,4,5,4,3,3,2,4,2,4,4,3,4,4,3,3,5,5,2,2,5,4,4,4,3,3,4,4,4,4,4,4,4,4,3,4,5,4,4,4,4,4,5,4,3,3,4,4,5,4,5,5,5,5,3,3,4,4,3,4,4,4,4,4,3,3,4,4,4,4,4,4,4,4,3,3,4,3,4,4,4,4,4,4,3,3,4,4,4,4,4,4,4,4,3,3,4,4,4,4,4,4,4,3,3,3,4,4,4,4,4,4,4,4,3,3,2,2,4,2,2,2,2,2,3,3,4,4,4,4,4,4,4,4,3,3,5,5,4,4,4,4,4,3,3,2,5,4,2,4,4,4,4,4,3,3,2,2,2,2,4,4,4,4,3,3,4,4,2,4,4,4,4,4,3,3,4,4,2,4,4,4,4,4,3,3,4,2,4,4,4,4,4,3,3,3,3,4,4,4,4,4,4,4,3,Denmark,0,2,Academia/Research Institution,"Quinary Sector (involves non-profit services such as health, education, culture, research (unpaid), police, firefighters, civil guard and non-governmental organizations).",Grande,"Advisor (Senior advisor, advisor)",
44305.12012386574,1,,4,2,2,4,2,3,3,4,3,4,3,4,4,4,4,3,3,4,4,4,3,3,2,2,2,2,3,2,2,3,4,4,2,4,5,3,3,4,4,4,4,4,3,4,4,3,3,3,4,4,3,4,3,3,3,4,5,4,5,5,5,5,5,5,5,4,5,5,4,5,4,4,3,3,2,4,4,4,4,4,4,3,4,4,4,4,4,4,4,4,3,4,4,4,4,4,3,3,3,3,3,3,5,5,3,2,2,3,3,3,3,3,4,3,4,3,3,4,3,3,3,4,4,4,2,3,3,3,3,3,3,4,4,4,4,4,3,3,4,4,3,3,4,3,3,4,4,4,4,4,3,4,4,4,3,2,3,3,3,4,3,4,4,4,4,4,4,3,4,3,3,2,2,1,1,2,2,2,2,2,4,4,2,3,3,4,3,3,2,2,3,2,3,3,3,3,3,2,3,3,3,4,4,4,4,3,4,4,4,4,4,4,3,4,3,4,3,4,4,3,4,4,4,4,4,4,4,4,3,3,3,3,4,4,5,5,5,5,5,5,Denmark,0,2,Academia/Research Institution,"Quinary Sector (involves non-profit services such as health, education, culture, research (unpaid), police, firefighters, civil guard and non-governmental organizations).",Grande,Staff (operational jobs),
44305.248490451384,1,,3,4,4,4,3,3,3,4,5,2,3,4,3,5,5,4,4,5,5,3,3,3,3,4,3,4,4,4,4,3,3,4,3,5,5,4,4,4,4,4,2,2,2,4,3,3,3,3,4,3,3,1,4,1,1,4,4,3,4,3,3,3,3,4,4,4,4,3,4,3,3,3,3,3,3,3,3,3,3,3,3,3,3,4,4,4,4,4,4,3,3,3,3,3,3,3,3,3,3,3,3,4,3,4,4,3,3,4,4,3,3,5,4,4,4,4,4,4,4,3,3,3,3,4,4,4,4,4,4,3,3,4,3,4,4,4,4,4,4,3,3,4,3,3,4,4,4,4,4,3,3,3,3,3,3,3,3,3,3,3,3,4,3,4,4,4,4,4,4,3,3,3,4,3,3,4,4,4,4,3,3,4,4,3,5,4,4,3,3,3,3,4,3,5,5,5,4,4,4,3,3,3,3,3,5,4,4,2,2,3,3,4,2,1,5,4,4,2,1,3,3,5,3,5,4,4,4,2,2,3,3,2,2,5,4,4,4,3,3,3,"Copenhagen, Denmark",1,4,"Packaging, Recycling, Cosmetics production","Secondary Sector (involves the transformation of raw materials into goods), Tertiary sector (involves trade and the provision of services to consumers and /or companies)",Pequena,"Middle Management (Senior director, director)",
44307.35333932871,1,,3,4,4,4,4,4,4,3,4,3,4,4,4,4,4,5,5,4,4,4,3,4,3,3,3,4,4,5,5,3,3,5,3,5,5,5,5,5,5,4,3,1,3,1,1,3,3,3,3,3,3,1,4,1,1,1,1,2,4,4,3,5,4,4,4,5,4,4,4,4,3,4,3,3,3,4,4,4,4,3,3,4,4,4,4,5,4,4,4,4,3,3,4,3,3,4,4,3,3,3,4,5,3,5,5,4,4,4,4,4,3,4,3,4,4,4,4,4,4,4,3,2,3,1,1,4,4,3,3,3,3,4,3,3,4,4,4,4,4,3,3,4,3,3,4,4,4,3,3,3,4,5,3,5,5,5,4,4,4,4,3,4,3,2,4,5,5,4,4,4,4,1,4,1,1,4,3,4,3,3,3,4,3,4,4,4,4,4,4,4,4,5,3,5,5,4,4,4,4,4,4,5,3,5,5,4,4,4,4,4,3,5,3,4,4,4,4,4,4,4,4,5,3,5,5,5,5,5,5,5,3,5,3,5,5,5,5,5,5,5,Denmark,1,4,Academia/Research Institution,"Quaternary Sector (involves intellectual activities, such as information generation and sharing)",Grande,Staff (operational jobs),
44308.22826208333,1,3.0,3,4,4,4,2,4,4,5,3,3,2,4,3,4,3,3,3,5,4,3,1,3,3,3,3,4,5,5,5,4,2,4,4,4,4,5,5,5,4,4,1,3,3,3,3,5,4,5,5,3,2,2,3,3,3,2,2,1,4,3,3,3,4,3,2,5,5,3,4,3,3,4,3,3,3,4,4,3,2,4,2,2,1,2,3,3,2,4,4,2,3,2,3,2,3,4,4,4,3,4,3,3,3,3,3,3,3,3,3,4,2,4,4,4,3,5,5,4,5,3,3,3,4,3,3,4,4,3,4,3,3,3,3,2,3,4,4,5,3,3,3,2,2,3,3,4,4,4,3,3,1,1,2,3,3,4,4,5,3,2,3,4,4,4,3,5,5,4,3,3,3,3,3,3,3,3,3,3,3,3,2,4,3,2,3,2,2,2,2,4,3,3,3,4,3,4,4,3,3,3,3,4,3,3,3,4,4,4,5,4,3,3,2,1,2,3,3,4,4,4,3,5,4,3,2,4,4,2,2,3,3,4,4,5,3,3,3,3,2,4,"Denmark, Vejle ",Indirectly by providing waste recycling equipment ,2,"Engineering, Construction",Tertiary sector (involves trade and the provision of services to consumers and /or companies),Média,"Advisor (Senior advisor, advisor), Staff (operational jobs)","In my case, some research was necessary to define terms. Answers given from my level of knowledge. 3 = no effect / 3 opinion "
44308.23541681713,1,5.0,4,4,3,4,5,5,4,3,4,4,4,3,4,5,4,4,3,3,4,4,3,4,4,4,4,5,4,4,4,3,4,3,3,5,5,5,4,4,3,4,4,3,4,4,4,3,3,5,3,4,4,3,4,3,5,4,4,4,4,3,4,4,5,5,4,4,4,4,5,3,5,5,3,4,4,5,4,3,4,3,4,3,4,4,4,3,5,5,3,4,4,5,4,4,4,3,3,4,4,3,4,4,5,5,5,5,5,3,3,4,5,5,4,4,4,5,4,4,3,3,4,4,4,4,4,5,4,4,4,5,5,5,5,5,4,3,3,4,4,3,2,3,3,3,4,4,3,5,5,3,4,3,3,3,4,5,4,4,4,4,4,5,5,3,3,3,4,4,3,3,3,3,3,4,4,5,3,3,3,3,4,3,4,5,5,5,4,4,5,3,5,3,3,4,4,3,5,4,5,3,5,5,5,5,5,4,3,3,4,3,4,3,4,4,5,4,3,4,3,3,3,3,3,3,4,3,3,4,3,3,4,5,5,3,4,4,4,3,3,4,"Denmark, North Jutland, Aalborg",1,4,Water processing and management,"Secondary Sector (involves the transformation of raw materials into goods), Tertiary sector (involves trade and the provision of services to consumers and /or companies), Quaternary Sector (involves intellectual activities, such as information generation and sharing)",Micro,"Executive or Strategic Manager  (Senior executive, executive)",
44308.24210694444,1,,3,3,3,4,4,4,4,4,4,3,5,5,5,5,5,5,5,1,1,3,5,2,5,5,4,5,5,5,5,3,5,5,5,5,5,4,4,1,1,3,3,2,2,4,4,3,3,3,3,3,4,3,4,3,3,4,4,4,3,3,3,4,3,4,5,4,4,3,3,3,5,5,4,4,4,3,3,3,2,3,5,5,5,5,5,4,4,2,2,3,5,5,5,5,5,4,4,2,2,3,4,4,4,4,4,4,4,2,2,3,5,5,5,5,5,5,4,2,2,3,3,5,5,5,5,4,4,2,2,3,5,5,3,4,4,4,5,2,2,3,5,5,5,5,5,3,3,1,1,3,5,5,5,5,5,4,4,2,2,3,5,5,5,5,5,4,4,4,3,3,3,3,3,3,3,3,3,3,3,3,5,5,5,5,5,4,4,2,2,3,5,5,5,5,5,5,4,2,2,3,5,5,5,5,5,4,4,2,2,3,5,5,5,5,5,4,2,2,2,3,5,5,5,5,5,2,2,2,2,3,5,5,5,5,5,4,4,2,2,3,"Denmark, Capital Region, Copenhagen",1,5,Consultancy,"Quaternary Sector (involves intellectual activities, such as information generation and sharing)",Micro,"Executive or Strategic Manager  (Senior executive, executive)",
44308.29331436343,1,,3,5,3,5,3,5,5,5,5,5,5,5,5,5,5,5,5,5,5,2,5,3,4,2,4,4,2,2,2,4,5,5,5,3,4,4,4,3,3,4,5,3,3,2,4,4,4,2,5,1,5,1,5,1,1,1,1,1,1,5,5,3,5,3,3,4,2,2,1,4,5,5,5,3,3,4,4,1,1,5,5,5,5,3,5,4,4,4,4,5,3,2,4,2,2,4,4,4,2,2,5,3,3,5,5,3,3,1,1,5,3,4,4,5,5,5,5,2,5,5,2,2,5,3,4,4,4,2,2,5,3,2,2,4,4,5,5,4,3,4,3,3,4,3,4,4,4,2,4,1,5,5,5,4,2,3,3,2,4,5,5,5,3,4,4,3,1,2,1,5,5,2,5,1,1,2,2,4,5,1,2,5,5,1,5,1,1,1,3,5,5,2,2,3,3,4,4,2,5,2,5,5,3,3,5,5,5,4,5,5,3,3,3,1,4,4,4,3,5,5,5,5,5,5,5,5,5,3,5,5,5,3,3,5,5,5,5,5,1,5,Denmark,1,4,"Consultancy, Non-governmental organization (NGO), Waste processing and management, Packaging, Agrifood, Recycling, Engineering, Mining, metals, and minerals","Tertiary sector (involves trade and the provision of services to consumers and /or companies), Quinary Sector (involves non-profit services such as health, education, culture, research (unpaid), police, firefighters, civil guard and non-governmental organizations).",Média,"Advisor (Senior advisor, advisor)",Would like to see the results of the survey!
44308.293934733796,1,,3,3,3,4,5,3,3,3,3,3,5,5,3,4,5,3,3,2,3,5,3,3,3,4,4,4,4,3,3,3,4,4,4,5,5,4,4,4,4,3,4,3,4,3,3,3,3,3,1,3,3,4,5,4,4,3,3,3,3,3,5,5,5,5,5,4,4,3,3,5,4,5,4,5,5,4,4,3,1,3,5,5,4,5,5,4,4,3,4,4,4,4,3,4,4,4,4,3,1,3,5,4,3,5,5,4,4,3,1,4,4,4,3,5,5,4,4,3,1,5,4,4,4,4,4,4,4,3,1,3,4,4,3,5,5,3,3,4,1,5,5,5,3,5,5,2,2,3,1,4,5,5,3,5,5,3,3,4,1,5,4,3,3,5,5,4,4,4,1,3,3,4,5,4,4,3,3,3,3,3,4,5,3,4,4,3,3,3,3,3,4,3,3,4,3,4,4,2,3,3,5,5,3,5,5,4,4,1,1,5,5,4,3,5,5,1,1,1,4,4,5,5,3,5,5,3,3,1,1,5,5,5,4,5,5,4,4,3,4,4,Denmark,1,5,"Academia/Research Institution, Engineering, Construction","Quaternary Sector (involves intellectual activities, such as information generation and sharing)",Grande,Staff (operational jobs),
44308.32800814815,1,,5,5,5,3,4,2,3,1,3,3,3,3,3,1,2,3,3,3,3,3,3,4,4,4,4,3,2,2,3,4,4,5,5,5,5,4,3,4,4,5,3,3,3,3,3,3,3,3,3,3,3,3,3,3,3,3,3,3,3,3,4,4,4,3,4,4,4,4,4,4,4,4,4,4,4,3,4,4,4,4,5,5,5,5,5,5,3,3,3,3,5,5,5,5,5,3,4,4,4,4,5,5,5,5,5,3,2,2,2,4,5,5,5,5,5,4,3,2,3,5,4,4,4,4,4,4,4,4,4,4,3,3,3,3,3,2,4,4,4,4,4,4,4,4,4,4,3,2,2,5,5,5,5,5,5,3,5,3,3,5,5,5,5,5,5,4,4,4,4,5,5,4,5,3,5,3,4,5,5,5,5,5,5,5,5,3,3,3,3,5,5,5,5,5,5,3,3,2,3,5,5,5,5,5,5,3,3,3,3,5,5,5,5,5,5,3,3,3,3,5,5,5,5,5,5,1,2,1,3,5,3,5,5,5,5,5,5,4,5,4,Denmark ,0,4,,,Sem empresa,,
44308.38601461805,1,,3,4,3,4,4,2,2,3,3,3,5,2,3,5,5,5,4,4,4,3,3,2,3,3,4,4,5,5,5,2,5,5,2,3,5,4,4,3,2,1,3,3,3,3,3,3,3,3,3,3,3,3,3,3,3,3,3,3,3,3,5,2,1,4,4,3,2,1,1,1,2,3,2,2,4,4,4,3,2,1,5,2,1,1,4,2,2,2,1,1,3,1,1,1,2,1,1,1,1,3,5,1,1,1,2,3,3,1,1,1,5,4,2,3,4,4,4,5,3,1,4,2,3,1,3,2,2,2,1,3,5,3,1,1,4,2,2,2,1,1,5,5,2,1,5,3,3,2,2,1,4,4,2,3,4,3,3,3,3,3,5,3,1,1,4,2,2,2,1,3,3,1,4,1,1,1,1,1,1,1,2,4,4,1,4,1,1,1,3,1,4,4,1,1,4,2,2,2,3,2,4,4,1,1,4,3,3,3,2,1,5,1,1,1,1,1,1,1,1,1,3,5,1,2,5,1,1,3,2,2,5,4,2,1,1,2,2,2,2,2,"Denmark, Sjaelland, Copenhagen",1,5,Consultancy,"Tertiary sector (involves trade and the provision of services to consumers and /or companies), Quaternary Sector (involves intellectual activities, such as information generation and sharing)",Grande,"Managers(Senior manager, manager)",
44308.43824217592,1,,3,3,3,3,4,4,4,2,4,4,4,4,4,5,4,4,4,3,4,4,3,4,3,3,3,3,3,3,3,3,4,4,5,2,5,4,4,4,4,5,3,3,3,3,3,3,3,3,3,3,3,3,3,3,3,3,3,3,3,3,3,3,3,3,3,3,3,3,3,3,3,4,5,4,4,4,4,4,4,4,3,3,3,3,3,3,3,3,3,3,3,3,3,5,4,4,4,2,4,5,3,3,5,5,5,4,4,4,4,4,3,3,3,3,3,3,3,3,3,3,4,4,5,5,5,4,4,4,4,4,5,5,4,4,4,4,4,4,4,3,3,3,3,3,3,3,3,3,3,3,5,2,3,4,4,4,4,4,4,5,2,5,5,5,5,3,3,4,2,5,3,3,3,3,3,3,3,3,3,3,3,3,3,3,3,3,3,3,3,3,3,3,3,3,3,3,3,3,3,3,3,3,3,3,3,3,3,3,3,3,3,3,3,3,3,3,3,3,3,3,3,3,3,3,3,3,3,3,3,3,3,3,3,3,3,3,3,3,3,3,"Denmark, Aalborg",0,3,"Academia/Research Institution, Design","Quinary Sector (involves non-profit services such as health, education, culture, research (unpaid), police, firefighters, civil guard and non-governmental organizations).",Grande,Staff (operational jobs),
44308.5721843287,1,3.0,3,5,4,4,5,5,4,5,4,4,3,5,5,4,5,5,4,4,5,4,2,4,4,3,3,5,5,5,5,4,2,4,3,4,4,5,4,5,5,5,4,2,3,4,4,4,3,2,1,4,5,3,4,2,2,4,5,4,3,4,5,4,4,2,5,4,5,3,1,1,4,3,3,4,4,4,4,5,2,4,3,4,3,5,4,5,5,5,5,4,4,3,3,3,5,5,5,4,4,3,5,5,4,4,5,5,4,5,3,3,4,4,4,5,5,5,4,5,3,4,5,3,4,3,5,5,5,5,3,4,4,4,4,5,5,5,4,5,4,3,4,3,4,2,4,2,2,5,4,4,5,5,4,5,5,5,4,5,5,4,2,4,4,5,5,5,4,5,5,5,4,3,4,3,4,4,4,4,3,4,2,2,3,2,2,5,4,5,5,4,5,4,4,3,5,4,4,5,3,4,2,4,4,3,5,5,3,5,5,4,5,4,4,1,5,4,4,4,1,5,4,5,4,5,5,4,4,4,4,5,5,5,5,5,5,4,4,4,2,4,"Denmark, Vejle",1,4,"Consultancy, Waste processing and management, Agrifood, Engineering, Construction",municipality,Grande,Staff (operational jobs),
44309.178882719905,1,,5,4,3,2,3,5,5,4,5,5,5,5,4,5,5,5,5,4,3,5,3,5,3,5,5,5,5,3,1,5,4,5,4,5,5,5,5,5,5,5,3,4,1,3,5,5,4,4,3,2,3,1,5,1,1,4,4,1,1,5,3,5,1,5,5,5,5,4,1,2,3,4,1,4,5,5,5,2,1,5,4,4,1,5,5,5,5,5,5,3,3,3,3,3,5,5,5,1,1,5,5,5,4,5,5,4,4,4,3,5,4,5,5,3,5,5,5,5,5,5,4,3,1,5,5,5,5,5,4,5,5,5,1,3,5,5,3,4,1,5,5,5,4,5,5,5,5,5,5,5,5,5,3,5,5,5,5,4,4,5,4,5,1,3,5,5,4,5,2,3,3,3,5,3,3,5,5,1,1,3,3,5,1,4,5,2,1,2,1,5,5,5,5,1,5,5,5,4,5,5,4,4,3,1,5,5,3,4,1,5,4,1,1,1,5,5,3,5,1,5,5,4,3,1,5,4,4,3,4,4,5,3,4,5,5,5,5,5,1,5,"Denmark, Aalborg",0,3,Personal,Unemployed,Sem empresa,N\A,
44309.253244120366,1,,4,4,3,3,4,4,3,3,3,4,5,4,3,5,4,4,3,2,3,5,4,3,4,2,5,5,5,4,4,4,3,4,4,4,5,5,5,5,4,4,2,2,4,3,5,5,5,4,4,3,3,4,4,4,4,3,4,2,2,3,4,3,4,5,5,5,5,3,4,4,5,3,4,4,4,4,4,3,4,3,5,4,4,2,5,3,3,3,3,3,4,3,4,4,3,5,5,2,3,3,5,1,4,3,3,3,3,3,2,3,4,5,4,4,4,5,5,4,4,4,3,3,3,3,3,3,3,3,3,3,4,3,4,5,5,5,5,3,4,3,3,3,4,3,3,2,3,3,3,3,2,5,4,5,5,4,5,4,4,5,4,3,4,3,3,4,3,3,2,4,4,2,5,1,1,4,4,1,1,4,5,5,3,2,5,3,2,1,1,4,3,3,4,1,4,5,5,4,3,3,5,3,5,3,5,4,3,1,1,4,4,2,4,3,4,4,3,4,2,3,5,4,4,2,4,4,4,4,3,2,2,3,4,4,4,5,5,4,4,4,"Denmark, Copenhagen",0,4,"Academia/Research Institution, Engineering",i'm still under education,Acadêmico,i'm still under education,
44310.321105497685,1,,1,1,1,1,1,5,5,5,5,5,3,4,1,2,1,5,5,5,5,1,1,1,1,1,1,5,5,5,5,1,1,1,1,1,1,5,5,5,5,1,1,1,1,1,1,5,5,5,5,1,1,1,1,1,1,5,5,5,5,1,1,1,1,1,1,5,5,5,5,1,1,1,1,1,1,5,5,5,5,1,1,1,1,1,1,5,5,5,5,1,1,1,1,1,1,5,5,5,5,1,1,1,1,1,1,5,5,5,5,1,1,1,1,1,1,5,5,5,5,1,1,1,1,1,1,5,5,5,5,1,1,1,1,1,1,5,5,5,5,1,4,4,1,1,3,5,5,5,5,1,5,5,1,5,5,5,5,5,5,5,1,1,1,1,1,5,5,5,5,1,2,1,2,1,1,5,5,5,5,1,1,1,1,1,1,5,5,5,5,1,4,3,2,1,2,5,5,5,5,1,1,1,1,1,3,5,5,5,5,1,3,4,1,4,4,5,5,5,5,1,1,1,1,1,1,5,5,5,5,1,1,1,1,1,1,5,5,5,5,1,"Denmark, Copenhagen",1,5,Academia/Research Institution,"Quinary Sector (involves non-profit services such as health, education, culture, research (unpaid), police, firefighters, civil guard and non-governmental organizations).",Grande,"Managers(Senior manager, manager)",Not a good survey
44310.61489228009,1,,3,3,3,4,4,3,3,3,4,4,5,5,5,5,4,4,3,4,4,4,2,3,3,3,3,4,3,3,3,3,5,5,5,2,4,4,3,5,4,4,4,3,2,3,3,3,3,3,3,3,4,4,3,2,4,4,4,4,4,4,5,5,5,2,2,5,5,4,4,2,5,5,4,4,2,2,2,2,2,2,3,4,3,3,4,4,3,3,4,3,3,3,3,3,3,3,3,3,3,4,4,4,4,4,4,2,3,3,3,3,4,4,4,4,4,4,4,4,4,4,4,2,4,2,2,2,2,4,4,4,4,4,4,4,4,4,4,4,4,1,4,4,4,4,4,3,3,3,3,2,5,5,5,5,5,3,3,3,3,3,3,4,4,3,3,5,5,5,4,2,5,5,5,4,4,4,4,4,4,2,2,2,2,4,4,2,2,2,2,2,5,5,5,5,5,1,1,2,2,3,5,5,5,4,4,4,4,4,4,4,4,4,4,2,3,3,3,3,3,3,5,5,5,5,5,2,2,2,2,4,3,3,3,3,4,4,3,3,3,3,"Copenhagen, Denmark",1,5,Academia/Research Institution,"Quinary Sector (involves non-profit services such as health, education, culture, research (unpaid), police, firefighters, civil guard and non-governmental organizations).",Grande,Staff (operational jobs),
44311.39268952546,1,,3,5,3,5,5,4,4,2,4,4,3,4,4,5,5,4,4,4,4,4,3,5,4,4,4,3,4,4,4,5,3,4,3,5,5,5,5,5,4,3,4,2,2,2,2,3,3,3,4,3,3,4,3,2,3,2,2,1,3,3,5,4,4,3,2,4,4,2,3,3,3,4,3,3,3,2,3,2,2,3,4,3,3,5,4,4,4,4,3,3,5,3,3,3,3,3,3,2,1,4,5,3,3,3,3,3,3,2,3,3,5,5,5,4,4,5,5,4,4,5,5,4,4,3,3,4,4,3,3,4,5,4,3,3,3,3,3,3,3,3,5,4,4,3,3,3,3,3,3,3,5,3,4,4,4,2,2,2,2,3,3,3,4,4,3,4,4,4,4,5,5,4,5,3,3,3,3,2,2,3,4,5,3,3,4,2,2,2,3,3,4,2,2,4,4,3,3,3,4,4,5,3,3,5,5,4,4,3,4,4,5,4,3,3,4,4,4,4,4,4,5,5,4,5,5,3,3,2,4,3,4,3,3,4,4,3,3,3,3,3,"Denmark, Zealand, Roskilde",1,5,"Academia/Research Institution, Non-governmental organization (NGO), Packaging, Agrifood, Recycling","Primary Sector (involves the extraction and/or production of raw materials), Secondary Sector (involves the transformation of raw materials into goods), Tertiary sector (involves trade and the provision of services to consumers and /or companies), Quinary Sector (involves non-profit services such as health, education, culture, research (unpaid), police, firefighters, civil guard and non-governmental organizations).",Pequena,"Advisor (Senior advisor, advisor), Staff (operational jobs)",
44311.4000828125,1,,3,5,3,5,5,4,4,2,4,4,3,4,4,5,5,4,4,4,4,4,3,5,4,4,4,3,4,4,4,5,3,4,3,5,5,5,5,5,4,3,4,2,2,2,2,3,3,3,4,3,3,4,3,2,3,2,2,1,3,3,5,4,4,3,2,4,4,2,3,3,3,4,3,3,3,2,3,2,2,3,4,3,3,5,4,4,4,4,3,3,5,3,3,3,3,3,3,2,1,4,5,3,3,3,3,3,3,2,3,3,5,5,5,4,4,5,5,4,4,5,5,4,4,3,3,4,4,3,3,4,5,4,3,3,3,3,3,3,3,3,5,4,4,3,3,3,3,3,3,3,5,3,4,4,4,2,2,2,2,3,3,3,4,4,3,4,4,4,4,5,5,4,5,3,3,3,3,2,2,3,4,5,3,3,4,2,2,2,3,3,4,2,2,4,4,3,3,3,4,4,5,3,3,5,5,4,4,3,4,4,5,4,3,3,4,4,4,4,4,4,5,5,4,5,5,3,3,2,4,3,4,3,3,4,4,3,3,3,3,3,"Denmark, Zealand, Roskilde",1,5,"Academia/Research Institution, Non-governmental organization (NGO), Packaging, Agrifood, Recycling","Primary Sector (involves the extraction and/or production of raw materials), Secondary Sector (involves the transformation of raw materials into goods), Tertiary sector (involves trade and the provision of services to consumers and /or companies), Quinary Sector (involves non-profit services such as health, education, culture, research (unpaid), police, firefighters, civil guard and non-governmental organizations).",Pequena,"Advisor (Senior advisor, advisor), Staff (operational jobs)",
44313.25461711806,1,3.0,4,3,3,2,2,3,4,4,4,4,5,4,3,2,3,4,4,4,4,3,4,3,3,4,3,4,4,3,3,3,4,3,3,4,4,4,3,3,2,3,4,3,4,4,4,4,4,5,5,3,5,5,4,3,4,3,3,2,3,4,5,5,5,5,5,4,4,2,2,4,4,3,4,5,4,3,3,4,3,4,4,4,3,4,4,5,4,5,5,4,4,3,2,4,3,4,4,2,3,3,4,3,2,3,3,2,3,2,3,3,4,5,5,5,5,5,4,5,5,4,4,2,3,3,4,3,4,4,3,3,5,5,3,5,5,4,2,2,2,4,4,3,3,4,4,4,3,4,3,4,5,5,5,5,5,2,2,1,1,4,5,5,3,5,5,1,1,1,1,5,5,5,5,3,3,3,3,4,3,4,3,4,3,3,3,2,2,2,3,3,5,5,5,5,5,4,2,1,2,3,5,4,3,3,4,2,2,1,1,3,5,5,5,3,5,1,1,5,4,3,5,5,5,5,5,1,1,1,1,3,5,4,3,5,5,2,2,4,4,3,Denmark,1,4,Engineering,Primary Sector (involves the extraction and/or production of raw materials),Pequena,"Advisor (Senior advisor, advisor)",
44314.02015096065,1,,4,4,4,4,5,4,2,4,4,4,4,5,3,5,4,4,3,3,3,4,4,5,4,4,4,4,4,3,3,4,4,5,4,3,4,4,4,4,3,4,4,4,4,5,4,3,4,4,4,4,3,3,3,3,3,3,3,3,3,3,3,4,4,4,5,4,4,3,4,4,5,5,5,4,4,4,5,5,4,4,4,4,3,3,4,3,3,4,4,3,5,5,4,4,4,4,4,3,3,4,3,3,3,4,3,4,3,4,4,4,5,4,4,4,3,3,4,3,5,3,5,4,4,4,3,4,4,3,4,3,4,4,4,4,3,4,3,5,4,3,5,5,5,4,4,3,4,4,4,4,4,5,4,3,3,3,3,3,4,4,2,4,4,4,5,3,3,3,3,3,5,5,4,3,3,5,4,5,4,3,5,5,4,4,5,4,4,4,4,3,4,5,5,5,5,4,4,3,4,4,4,4,5,4,5,5,4,4,3,4,5,5,5,5,4,4,3,3,4,4,5,5,3,3,4,4,5,5,4,4,5,5,4,4,5,4,4,3,4,4,Copenhagen ,1,4,Consultancy,"Quaternary Sector (involves intellectual activities, such as information generation and sharing)",Grande,"Middle Management (Senior director, director)",
44314.256389490736,1,,4,4,4,4,5,4,2,4,4,4,4,5,3,5,4,4,3,3,3,4,4,5,4,4,4,4,4,3,3,4,4,5,4,3,4,4,4,4,3,4,4,4,4,5,4,3,4,4,4,4,3,3,3,3,3,3,3,3,3,3,3,4,4,4,5,4,4,3,4,4,5,5,5,4,4,4,5,5,4,4,4,4,3,3,4,3,3,4,4,3,5,5,4,4,4,4,4,3,3,4,3,3,3,4,3,4,3,4,4,4,5,4,4,4,3,3,4,3,5,3,5,4,4,4,3,4,4,3,4,3,4,4,4,4,3,4,3,5,4,3,5,5,5,4,4,3,4,4,4,4,4,5,4,3,3,3,3,3,4,4,2,4,4,4,5,3,3,3,3,3,5,5,4,3,3,5,4,5,4,3,5,5,4,4,5,4,4,4,4,3,4,5,5,5,5,4,4,3,4,4,4,4,5,4,5,5,4,4,3,4,5,5,5,5,4,4,3,3,4,4,5,5,3,3,4,4,5,5,4,4,5,5,4,4,5,4,4,3,4,4,Copenhagen ,1,4,Consultancy,"Quaternary Sector (involves intellectual activities, such as information generation and sharing)",Grande,"Middle Management (Senior director, director)",
44314.53900193287,1,,4,4,4,4,5,4,2,4,4,4,4,5,3,5,4,4,3,3,3,4,4,5,4,4,4,4,4,3,3,4,4,5,4,3,4,4,4,4,3,4,4,4,4,5,4,3,4,4,4,4,3,3,3,3,3,3,3,3,3,3,3,4,4,4,5,4,4,3,4,4,5,5,5,4,4,4,5,5,4,4,4,4,3,3,4,3,3,4,4,3,5,5,4,4,4,4,4,3,3,4,3,3,3,4,3,4,3,4,4,4,5,4,4,4,3,3,4,3,5,3,5,4,4,4,3,4,4,3,4,3,4,4,4,4,3,4,3,5,4,3,5,5,5,4,4,3,4,4,4,4,4,5,4,3,3,3,3,3,4,4,2,4,4,4,5,3,3,3,3,3,5,5,4,3,3,5,4,5,4,3,5,5,4,4,5,4,4,4,4,3,4,5,5,5,5,4,4,3,4,4,4,4,5,4,5,5,4,4,3,4,5,5,5,5,4,4,3,3,4,4,5,5,3,3,4,4,5,5,4,4,5,5,4,4,5,4,4,3,4,4,Copenhagen ,1,4,Consultancy,"Quaternary Sector (involves intellectual activities, such as information generation and sharing)",Grande,"Middle Management (Senior director, director)",
44314.641418506944,1,5.0,2,3,3,2,2,5,5,4,5,4,4,4,3,3,3,3,4,5,2,3,3,4,4,4,3,5,5,4,3,4,4,4,4,4,4,3,4,2,1,5,4,4,3,3,4,3,4,4,2,3,5,4,4,3,4,3,3,2,2,4,3,3,3,3,3,2,3,2,2,5,4,4,4,3,4,3,3,2,2,4,3,4,3,2,3,2,3,2,3,4,3,4,4,3,3,4,3,4,2,4,4,3,3,3,4,4,3,2,2,3,4,4,4,3,4,4,4,3,4,5,3,3,3,2,2,4,3,3,3,3,4,5,3,4,4,3,3,2,1,4,3,4,2,3,3,4,3,2,2,5,5,5,3,4,4,3,2,4,3,5,5,5,4,4,4,3,2,4,3,5,4,5,5,1,1,3,3,1,1,3,3,3,2,3,5,1,1,1,3,5,3,3,3,3,3,4,4,4,3,3,3,3,3,3,3,4,4,4,4,3,3,3,4,2,3,4,4,3,3,3,4,4,2,4,5,1,1,1,1,5,3,3,3,4,3,4,3,4,2,3,"Denmark, Copenhagen",1,3,"Academia/Research Institution, Consultancy","Quaternary Sector (involves intellectual activities, such as information generation and sharing), Quinary Sector (involves non-profit services such as health, education, culture, research (unpaid), police, firefighters, civil guard and non-governmental organizations).",Grande,Staff (operational jobs),
44314.75247607639,1,,4,4,4,4,5,4,2,4,4,4,4,5,3,5,4,4,3,3,3,4,4,5,4,4,4,4,4,3,3,4,4,5,4,3,4,4,4,4,3,4,4,4,4,5,4,3,4,4,4,4,3,3,3,3,3,3,3,3,3,3,3,4,4,4,5,4,4,3,4,4,5,5,5,4,4,4,5,5,4,4,4,4,3,3,4,3,3,4,4,3,5,5,4,4,4,4,4,3,3,4,3,3,3,4,3,4,3,4,4,4,5,4,4,4,3,3,4,3,5,3,5,4,4,4,3,4,4,3,4,3,4,4,4,4,3,4,3,5,4,3,5,5,5,4,4,3,4,4,4,4,4,5,4,3,3,3,3,3,4,4,2,4,4,4,5,3,3,3,3,3,5,5,4,3,3,5,4,5,4,3,5,5,4,4,5,4,4,4,4,3,4,5,5,5,5,4,4,3,4,4,4,4,5,4,5,5,4,4,3,4,5,5,5,5,4,4,3,3,4,4,5,5,3,3,4,4,5,5,4,4,5,5,4,4,5,4,4,3,4,4,Copenhagen ,1,4,Consultancy,"Quaternary Sector (involves intellectual activities, such as information generation and sharing)",Grande,"Middle Management (Senior director, director)",
44315.43044866898,1,,3,2,3,2,2,4,4,4,4,4,3,3,3,5,4,4,4,5,4,3,2,4,3,4,3,5,5,4,4,4,2,5,3,5,5,2,2,2,3,3,2,5,4,5,5,5,5,5,4,5,1,2,2,4,4,3,3,3,4,3,4,4,4,4,4,4,4,4,4,4,1,2,2,3,3,4,4,4,4,4,4,4,4,5,5,4,4,4,3,4,5,5,5,5,5,5,5,3,4,4,5,3,4,5,5,5,5,3,4,4,5,5,5,5,5,5,5,5,5,5,4,2,3,1,1,5,5,3,3,3,4,4,4,5,5,5,5,5,5,5,5,5,5,5,5,5,5,5,5,5,5,4,4,5,5,5,5,4,4,4,5,5,5,5,5,5,5,5,5,5,4,5,4,4,4,5,5,4,4,5,5,5,5,5,5,3,3,3,3,5,5,4,4,4,5,5,5,5,5,5,5,5,5,3,5,5,5,5,5,4,3,4,3,1,4,5,5,4,4,4,1,4,3,4,4,4,4,4,4,4,2,5,5,5,5,5,5,5,5,5,Copenhagen,1,4,Engineering,"Quaternary Sector (involves intellectual activities, such as information generation and sharing)",Grande,"Advisor (Senior advisor, advisor)",
44315.61252328704,1,,3,2,3,2,2,4,4,4,4,4,3,3,3,5,4,4,4,5,4,3,2,4,3,4,3,5,5,4,4,4,2,5,3,5,5,2,2,2,3,3,2,5,4,5,5,5,5,5,4,5,1,2,2,4,4,3,3,3,4,3,4,4,4,4,4,4,4,4,4,4,1,2,2,3,3,4,4,4,4,4,4,4,4,5,5,4,4,4,3,4,5,5,5,5,5,5,5,3,4,4,5,3,4,5,5,5,5,3,4,4,5,5,5,5,5,5,5,5,5,5,4,2,3,1,1,5,5,3,3,3,4,4,4,5,5,5,5,5,5,5,5,5,5,5,5,5,5,5,5,5,5,4,4,5,5,5,5,4,4,4,5,5,5,5,5,5,5,5,5,5,4,5,4,4,4,5,5,4,4,5,5,5,5,5,5,3,3,3,3,5,5,4,4,4,5,5,5,5,5,5,5,5,5,3,5,5,5,5,5,4,3,4,3,1,4,5,5,4,4,4,1,4,3,4,4,4,4,4,4,4,2,5,5,5,5,5,5,5,5,5,Copenhagen,1,4,Engineering,"Quaternary Sector (involves intellectual activities, such as information generation and sharing)",Grande,"Advisor (Senior advisor, advisor)",
44315.75732290509,1,,3,2,3,2,2,4,4,4,4,4,3,3,3,5,4,4,4,5,4,3,2,4,3,4,3,5,5,4,4,4,2,5,3,5,5,2,2,2,3,3,2,5,4,5,5,5,5,5,4,5,1,2,2,4,4,3,3,3,4,3,4,4,4,4,4,4,4,4,4,4,1,2,2,3,3,4,4,4,4,4,4,4,4,5,5,4,4,4,3,4,5,5,5,5,5,5,5,3,4,4,5,3,4,5,5,5,5,3,4,4,5,5,5,5,5,5,5,5,5,5,4,2,3,1,1,5,5,3,3,3,4,4,4,5,5,5,5,5,5,5,5,5,5,5,5,5,5,5,5,5,5,4,4,5,5,5,5,4,4,4,5,5,5,5,5,5,5,5,5,5,4,5,4,4,4,5,5,4,4,5,5,5,5,5,5,3,3,3,3,5,5,4,4,4,5,5,5,5,5,5,5,5,5,3,5,5,5,5,5,4,3,4,3,1,4,5,5,4,4,4,1,4,3,4,4,4,4,4,4,4,2,5,5,5,5,5,5,5,5,5,Copenhagen,1,4,Engineering,"Quaternary Sector (involves intellectual activities, such as information generation and sharing)",Grande,"Advisor (Senior advisor, advisor)",
44317.367750300924,1,5.0,3,2,2,5,4,3,4,2,3,3,4,4,4,5,5,3,3,3,3,3,2,4,5,3,4,4,4,3,4,3,4,5,4,5,5,4,3,3,4,4,5,4,4,4,5,4,4,3,4,4,4,3,4,2,3,4,4,3,4,4,4,4,4,4,5,3,3,3,4,4,2,4,4,3,4,3,3,3,3,4,3,4,4,4,4,4,3,3,3,3,3,4,4,5,5,2,3,2,2,4,4,5,4,4,5,4,4,3,4,3,5,5,5,5,5,4,5,4,5,4,4,3,4,3,3,4,3,3,3,3,3,5,4,5,5,4,3,3,3,3,3,5,4,5,5,3,3,3,3,3,5,4,4,4,4,2,2,1,2,3,3,5,3,5,5,2,2,1,2,2,3,4,5,3,3,3,3,3,3,3,2,3,2,3,3,2,2,3,2,2,3,4,4,4,5,4,4,3,3,3,4,4,3,4,5,4,4,1,1,3,4,5,3,4,5,4,4,2,1,3,3,4,3,5,5,2,2,1,2,3,4,5,4,5,5,3,3,1,1,3,Denmark,1,4,"Consultancy, Waste processing and management, Energy and heat processing and management, Water processing and management, Packaging, Recycling, Engineering","Tertiary sector (involves trade and the provision of services to consumers and /or companies), Quaternary Sector (involves intellectual activities, such as information generation and sharing)",Grande,"Advisor (Senior advisor, advisor)",
44317.96854006944,1,,3,4,3,5,5,4,4,3,4,3,5,5,3,5,5,3,3,4,4,4,4,4,3,5,5,5,5,3,3,3,3,5,4,4,4,5,4,3,5,3,3,3,3,3,4,5,5,3,4,3,4,4,5,5,3,4,3,5,5,3,5,5,3,5,5,4,4,3,3,3,5,5,5,5,5,5,4,3,3,3,2,2,3,4,4,4,4,5,5,3,5,3,4,4,4,5,5,3,4,4,5,4,4,4,5,3,5,3,3,4,5,5,5,5,5,5,3,2,2,2,4,4,5,3,4,4,3,3,2,1,5,5,2,3,5,5,5,5,3,5,4,2,3,2,5,4,4,1,2,3,5,5,5,5,5,5,5,2,5,5,5,5,5,5,5,5,5,3,5,3,5,5,5,5,5,5,5,5,5,5,3,3,3,3,3,3,3,3,4,3,5,5,3,2,4,5,5,3,5,3,5,5,5,5,5,5,5,2,3,3,5,5,5,1,5,4,3,3,3,3,5,5,4,3,5,1,1,3,3,1,5,5,3,4,5,5,5,3,3,4,Denmark ,1,3,Construction,Secondary Sector (involves the transformation of raw materials into goods),Média,"Advisor (Senior advisor, advisor)",
44319.196802384264,1,,4,4,4,4,4,4,4,4,4,4,5,5,5,5,5,5,5,5,5,5,5,5,5,5,5,5,5,5,5,5,5,5,5,5,5,5,5,5,5,5,5,5,5,5,5,5,5,5,5,5,5,5,5,5,5,5,5,5,5,5,5,5,5,5,5,5,5,5,5,5,5,5,5,5,5,5,5,5,5,5,5,5,5,5,5,5,5,5,5,5,5,5,5,5,5,5,5,5,5,5,5,5,5,5,5,5,5,5,5,5,5,5,5,5,5,5,5,5,5,5,5,5,5,5,5,5,5,5,5,5,5,5,5,5,5,5,5,5,5,5,5,5,5,5,5,5,5,5,5,5,5,5,5,5,5,5,5,5,5,5,5,5,5,5,5,5,5,5,5,5,5,5,5,5,5,5,5,5,5,5,5,5,5,5,5,5,5,5,5,5,5,5,5,5,5,5,5,5,5,5,5,5,5,5,5,5,5,5,5,5,5,5,5,5,5,5,5,5,5,5,5,5,5,5,5,5,5,5,5,5,5,5,5,5,5,5,5,5,5,5,De,1,4,Academia/Research Institution,"Quinary Sector (involves non-profit services such as health, education, culture, research (unpaid), police, firefighters, civil guard and non-governmental organizations).",Grande,Staff (operational jobs),
44319.45585131945,1,,4,5,2,5,5,4,3,5,4,4,5,3,3,5,5,5,5,5,1,3,3,4,3,5,5,5,4,3,3,5,4,4,4,4,4,2,2,3,1,5,5,2,3,3,3,3,4,4,5,4,4,2,3,4,4,4,4,4,4,2,4,4,4,3,3,5,5,3,4,3,2,3,2,4,3,4,4,3,4,4,1,4,4,4,4,3,4,3,2,4,3,2,2,2,2,3,4,4,4,4,4,1,1,1,1,3,3,3,3,3,3,3,3,3,3,3,3,3,3,3,4,2,4,4,4,4,4,3,3,4,4,2,2,2,4,1,1,1,1,1,5,3,1,1,3,4,4,1,1,1,5,1,3,3,3,3,4,3,3,4,1,4,1,4,4,3,3,3,3,3,4,3,3,4,4,4,4,3,3,3,4,4,1,2,4,2,2,4,3,2,3,3,4,1,3,5,5,5,4,4,4,3,3,4,4,4,4,4,4,3,4,5,2,3,3,5,2,3,4,2,3,4,3,4,4,3,3,4,4,3,4,2,3,4,4,4,4,5,5,4,denmark,1,5,Waste processing and management,Secondary Sector (involves the transformation of raw materials into goods),Micro,"Executive or Strategic Manager  (Senior executive, executive)",(much) too long
44321.27571947916,1,,4,4,5,4,4,3,2,4,4,4,5,3,3,5,5,3,3,2,2,5,3,5,4,3,3,4,4,4,4,3,3,5,4,3,3,5,4,4,2,4,4,3,3,3,3,3,3,4,3,4,5,5,5,3,3,4,4,2,2,4,4,3,3,4,4,5,5,3,3,3,4,4,2,3,3,3,3,2,2,4,3,3,4,3,4,3,3,4,4,4,4,3,4,3,3,4,4,3,3,3,5,4,3,3,3,3,3,2,2,3,4,4,4,3,3,4,4,2,2,3,4,4,4,3,3,4,4,2,2,2,3,4,4,4,4,4,4,3,3,3,4,4,3,3,4,4,3,2,2,3,3,3,4,3,3,4,4,2,3,3,4,5,4,4,4,4,3,4,2,3,4,3,5,3,3,4,3,4,3,3,4,3,2,3,3,4,3,3,4,2,3,2,3,3,3,4,4,2,3,3,4,3,4,4,4,4,4,2,2,4,5,4,4,3,4,3,3,2,2,3,3,5,3,4,3,4,4,2,3,3,4,2,4,4,3,4,3,3,3,3,"Denmark, North Jutland, Aalborg",1,3,Academia/Research Institution,"Quaternary Sector (involves intellectual activities, such as information generation and sharing)",Grande,"Advisor (Senior advisor, advisor)","I think it is not really possible to rate the overall environmental impact of the solution categories you presented, in most cases this can only be determined on a case-to-case basis"
44321.7367455787,1,,2,2,4,4,3,4,4,4,3,4,4,2,3,4,3,4,3,2,4,2,3,3,4,4,4,4,4,4,3,3,3,3,4,4,4,4,4,4,4,4,3,4,4,4,3,4,4,4,4,4,3,4,3,3,3,2,2,3,4,3,4,3,4,4,4,3,4,3,3,4,3,4,4,3,3,3,3,3,4,3,2,4,4,3,4,3,3,4,3,4,4,3,3,3,3,3,3,3,4,3,4,3,4,3,4,4,4,4,4,3,4,4,4,4,4,4,4,3,4,3,3,3,4,3,3,4,4,3,3,3,3,4,3,3,4,4,4,3,3,3,4,4,4,3,3,3,3,3,3,3,3,3,4,3,3,3,3,3,3,3,3,4,4,4,4,4,4,3,3,3,3,4,4,4,4,4,4,4,4,4,3,4,3,3,4,3,3,3,3,3,4,3,4,3,3,4,4,3,4,3,2,3,4,3,3,4,4,4,4,3,3,3,4,3,3,4,4,2,4,4,4,3,4,4,3,4,4,4,4,4,4,4,4,3,4,4,4,4,4,3,denmark,1,4,Academia/Research Institution,cross-sectoral /Industrial ecology,Grande,head of research unit,
44322.7079074537,1,3.0,3,3,4,4,2,4,3,4,4,4,5,2,3,4,4,4,4,3,4,3,4,3,3,3,4,4,4,4,2,3,5,4,4,4,4,4,3,3,2,3,3,2,3,3,2,3,3,3,4,3,3,4,4,4,3,2,2,3,4,4,4,2,4,4,4,4,4,3,3,4,4,5,3,3,3,3,3,3,4,4,3,3,4,4,4,4,3,3,4,4,3,3,4,4,4,4,4,3,2,4,4,3,4,4,4,4,3,3,2,4,4,5,4,4,4,5,5,4,4,5,4,3,4,4,4,4,4,4,4,5,4,3,3,4,4,4,3,4,2,5,5,3,4,5,4,4,4,4,3,5,5,3,3,4,4,4,3,4,3,5,4,3,4,4,3,4,3,4,3,5,5,5,5,3,3,4,4,3,4,5,3,5,4,4,4,2,2,3,3,4,4,2,4,3,4,4,4,4,3,4,5,4,2,3,4,4,4,3,4,4,5,3,3,3,4,4,4,3,4,5,4,5,3,5,4,2,2,2,3,4,4,2,4,4,4,4,2,2,3,3,"Denmark, Copenhagen",1,4,Academia/Research Institution,"Quaternary Sector (involves intellectual activities, such as information generation and sharing)",Grande,"Staff (operational jobs), Researcher",
44322.70836846065,1,5.0,4,5,3,3,4,5,4,4,5,3,4,4,3,5,5,5,4,4,5,4,3,2,3,5,5,5,4,4,5,4,4,4,4,5,5,5,5,5,5,4,4,2,4,2,4,5,5,5,5,3,4,3,4,2,5,5,5,5,5,4,5,3,4,3,5,5,5,5,5,3,3,1,3,2,2,4,4,3,4,3,4,4,4,3,5,5,4,3,4,3,3,4,3,4,5,5,5,4,4,4,4,5,4,5,5,4,4,4,5,3,4,5,4,5,5,4,4,4,4,4,4,5,4,5,5,4,4,3,4,3,4,5,5,5,5,4,4,4,4,4,3,4,3,5,5,4,4,3,4,3,5,5,5,5,5,4,2,3,4,3,3,4,3,2,5,4,4,4,4,5,5,5,5,3,3,5,4,4,4,3,3,4,2,2,5,4,3,2,4,4,5,5,5,5,5,4,4,5,4,4,5,3,4,3,5,4,4,4,4,4,5,3,3,2,5,4,4,4,4,3,5,3,3,5,5,4,4,4,4,4,5,4,4,5,5,4,4,3,5,4,Denmark,1,4,Product development  ,"Secondary Sector (involves the transformation of raw materials into goods), Quaternary Sector (involves intellectual activities, such as information generation and sharing)",Individual,"Executive or Strategic Manager  (Senior executive, executive)",
44323.336270127314,1,,3,4,4,4,4,4,2,4,4,4,4,4,2,5,5,4,4,3,4,4,4,5,4,5,5,4,4,2,3,3,5,5,4,5,5,4,4,2,3,3,3,3,3,2,2,3,3,2,4,3,3,2,4,4,4,2,3,2,3,3,3,4,3,4,4,4,4,3,4,3,4,4,3,2,3,3,3,2,2,3,4,5,4,5,5,3,3,4,2,3,4,4,4,2,4,4,4,2,3,3,4,4,4,2,2,3,3,4,4,3,5,5,5,2,4,5,4,4,4,4,4,2,4,2,3,4,4,2,3,3,4,5,3,2,4,4,4,4,4,3,4,4,3,2,4,4,4,4,3,3,4,4,2,4,4,4,3,3,4,3,4,4,3,2,4,4,4,4,4,3,4,3,4,2,2,4,4,2,2,4,4,5,3,3,4,4,3,2,2,3,5,5,5,5,5,4,3,3,3,3,5,5,4,5,5,4,2,2,3,3,5,5,3,2,5,2,2,2,2,4,5,5,4,5,5,4,2,2,2,4,4,5,4,4,4,4,4,2,3,3,"Copenhagen, Denmark",1,3,"Waste processing and management, Water processing and management, Engineering",Secondary Sector (involves the transformation of raw materials into goods),Média,Student at AAU,
44324.29888973379,1,,4,3,3,3,4,3,3,2,2,3,4,3,3,4,4,4,4,2,2,3,4,5,4,5,4,3,3,2,1,3,4,3,3,2,4,5,4,4,5,4,4,2,3,3,4,4,4,3,2,5,4,5,4,4,5,4,3,2,2,5,4,2,3,4,3,5,5,1,4,3,5,4,4,4,4,3,3,2,4,4,4,3,3,3,3,4,4,5,4,2,4,2,4,3,3,4,4,4,5,2,2,1,1,2,3,1,1,4,5,1,5,3,4,2,4,5,4,4,5,2,4,2,3,2,3,3,3,3,3,3,4,5,5,5,5,2,4,2,3,4,4,5,5,5,5,3,3,4,4,5,5,5,5,5,5,3,3,2,4,5,5,5,5,5,5,3,3,2,4,5,5,5,5,5,5,4,4,3,4,5,5,5,5,5,5,2,2,2,4,3,3,2,2,1,1,5,5,4,4,2,5,2,2,3,4,3,3,4,4,4,4,1,2,1,3,3,3,3,4,5,3,1,2,4,4,3,3,4,5,3,5,1,4,5,4,4,4,4,5,5,Denmark,1,5,Academia/Research Institution,"Primary Sector (involves the extraction and/or production of raw materials), Secondary Sector (involves the transformation of raw materials into goods), Tertiary sector (involves trade and the provision of services to consumers and /or companies), Quaternary Sector (involves intellectual activities, such as information generation and sharing), Quinary Sector (involves non-profit services such as health, education, culture, research (unpaid), police, firefighters, civil guard and non-governmental organizations).",Grande,Staff (operational jobs),
44324.37941271991,1,,3,4,3,4,4,3,3,3,3,3,3,4,3,5,4,3,3,3,3,3,3,5,3,4,4,3,3,3,3,3,3,4,3,4,4,3,3,3,3,3,5,3,3,4,4,3,3,2,2,4,4,4,5,3,1,3,3,3,3,3,3,3,3,4,4,3,3,3,3,3,5,5,3,4,4,3,3,3,3,3,3,4,3,4,4,3,3,3,3,3,4,4,4,4,4,3,3,1,2,3,4,4,3,4,4,3,3,4,3,3,4,5,4,4,4,4,4,4,3,4,3,3,4,4,4,3,3,4,3,4,4,4,3,4,4,4,4,4,3,3,5,3,3,4,4,4,4,4,4,4,5,4,3,4,4,3,3,4,4,4,3,5,3,4,4,4,3,4,3,4,3,4,5,2,2,4,4,4,3,4,2,5,2,3,4,3,3,4,4,3,3,2,3,2,3,3,3,4,4,3,3,4,3,4,4,4,3,3,3,3,3,3,3,4,4,4,3,4,3,3,2,5,3,4,4,3,3,3,4,3,4,4,3,5,5,4,4,4,3,3,"Denmark, midtjylland, Aarhus ",0,3,Academia/Research Institution,"Quaternary Sector (involves intellectual activities, such as information generation and sharing)",Grande,Staff (operational jobs),
44324.52271870371,1,,3,4,4,4,3,3,3,2,3,5,4,5,3,4,4,3,3,2,2,4,3,3,3,2,2,4,4,2,2,3,3,4,3,3,2,3,3,2,2,3,3,3,4,2,2,3,3,3,1,3,3,3,3,3,3,3,3,3,3,3,3,3,4,3,4,3,3,2,4,3,3,4,4,3,4,3,3,3,4,3,3,3,4,3,3,4,4,4,3,3,3,4,4,2,3,3,3,3,4,3,3,3,3,3,3,3,3,3,3,3,3,4,4,4,4,3,4,3,5,3,3,3,3,2,2,3,4,3,3,3,3,4,4,4,4,3,5,4,3,3,3,3,3,3,4,3,3,3,3,3,3,3,3,2,2,3,3,3,3,3,3,4,3,3,3,3,3,3,3,3,3,4,4,3,3,4,4,3,5,3,3,5,3,3,3,3,3,3,3,3,3,3,3,4,4,4,4,3,3,3,3,3,3,3,3,3,3,3,3,3,3,3,3,3,3,3,3,3,3,3,3,4,3,5,4,4,2,3,3,3,3,3,4,5,3,4,4,3,3,3,North Jutland,1,3,"Non-governmental organization (NGO), Agrifood","Quinary Sector (involves non-profit services such as health, education, culture, research (unpaid), police, firefighters, civil guard and non-governmental organizations).",Micro,Staff (operational jobs),Its a really long survey! :) 
44324.59033368056,1,,4,4,4,2,3,4,4,4,4,2,4,3,4,3,3,4,4,3,3,4,3,2,4,2,3,4,4,4,2,2,4,4,4,4,4,4,3,4,4,3,4,3,4,2,3,4,4,3,3,4,4,3,3,3,3,4,4,3,4,3,3,3,2,2,2,4,4,2,4,3,3,3,3,2,3,4,4,4,3,4,4,3,2,4,4,5,5,3,4,3,4,2,3,2,2,4,4,4,4,3,4,3,2,2,2,3,3,4,4,3,3,4,3,3,3,4,4,4,4,3,4,2,3,2,2,4,4,3,3,3,3,4,4,3,3,4,4,4,3,3,3,3,3,2,3,4,4,4,3,3,5,4,3,3,3,4,4,4,4,3,4,4,4,4,3,4,4,4,4,3,3,3,3,3,3,3,3,3,3,3,3,4,3,2,3,3,3,4,3,3,3,3,3,2,2,3,3,3,4,3,4,4,4,4,4,4,4,3,2,2,4,4,4,3,4,4,4,4,3,3,3,4,3,3,3,4,4,3,3,3,3,2,3,3,3,4,4,3,3,3,Denmark,1,4,Packaging,Tertiary sector (involves trade and the provision of services to consumers and /or companies),Micro,"Executive or Strategic Manager  (Senior executive, executive)",
44325.15952854167,1,,5,5,5,5,5,5,5,5,5,4,5,5,5,5,5,5,5,5,5,5,5,5,5,5,5,5,5,5,5,5,5,5,5,5,5,5,5,5,5,5,5,5,5,5,5,5,5,5,5,4,3,4,4,2,2,4,4,5,4,3,4,3,4,3,4,5,5,5,5,3,4,5,5,4,3,4,4,3,4,3,5,5,5,5,5,5,5,5,5,5,5,5,5,5,5,5,5,5,5,5,5,5,4,4,5,5,5,5,5,3,5,5,5,5,5,5,5,5,5,3,5,4,5,5,5,5,5,5,5,3,5,5,4,4,5,5,5,5,5,3,5,5,4,4,5,5,5,5,5,3,5,4,4,5,5,5,5,5,5,3,5,5,5,5,5,5,5,5,5,3,5,5,5,4,4,5,5,5,5,3,4,5,4,4,4,4,4,5,5,3,5,5,5,5,5,5,5,5,5,3,5,2,2,4,5,5,5,5,4,3,5,2,2,3,5,5,5,5,5,3,5,5,5,5,5,5,5,5,5,3,5,4,5,5,5,5,5,5,5,3,Taastrup,1,5,"Academia/Research Institution, Consultancy, Waste processing and management, Packaging, Agrifood",Secondary Sector (involves the transformation of raw materials into goods),Grande,"Middle Management (Senior director, director)",
44325.23622953704,1,,4,4,4,4,4,5,5,5,5,4,3,3,4,5,5,5,5,5,5,4,3,4,4,5,3,5,5,5,5,5,3,4,4,5,5,5,5,5,5,4,3,4,4,5,5,5,5,5,5,4,4,4,4,4,4,5,5,5,5,4,4,3,4,4,4,5,5,4,4,4,4,4,4,5,5,5,5,5,5,5,3,4,4,4,4,5,5,5,5,4,3,3,3,3,3,5,5,5,5,4,5,3,4,3,3,4,4,5,4,4,3,3,4,4,4,4,4,4,4,4,4,3,3,3,3,4,4,4,4,4,4,4,4,3,3,4,4,4,4,4,4,4,4,3,3,4,4,5,4,5,5,5,4,3,3,4,4,4,4,4,4,3,4,3,3,4,4,4,4,4,5,5,5,3,3,4,4,4,4,5,3,4,3,3,3,4,4,4,3,4,5,4,4,3,3,4,4,4,4,4,4,4,3,3,3,4,4,4,4,5,5,4,4,3,3,4,4,4,4,5,4,4,4,5,5,5,5,5,5,5,4,3,4,4,4,4,4,4,4,5,Denmark,1,4,"Academia/Research Institution, Consultancy, Engineering, Construction","Quaternary Sector (involves intellectual activities, such as information generation and sharing)",Pequena,"Advisor (Senior advisor, advisor), Staff (operational jobs)",
44325.35785353009,1,,3,5,1,4,5,4,4,5,4,3,4,4,4,4,5,4,3,5,3,3,4,3,4,3,5,4,4,5,3,3,3,4,2,3,5,3,4,3,3,3,4,5,3,5,5,3,4,2,5,3,1,3,3,3,3,3,3,3,3,3,5,5,3,4,4,4,3,4,4,3,4,5,3,5,4,5,4,3,4,3,3,3,3,3,3,3,3,3,3,3,1,5,3,5,4,3,3,3,3,4,4,4,4,4,4,3,3,2,3,3,3,3,3,4,4,5,5,3,3,3,5,5,5,5,5,5,5,4,4,4,5,5,4,4,4,4,4,4,4,3,5,5,4,4,4,4,4,4,4,3,4,4,4,3,4,4,4,3,3,3,1,3,1,1,2,2,2,1,1,1,3,2,3,3,4,3,4,3,3,4,2,4,4,4,3,4,4,2,2,4,4,3,3,2,4,4,4,3,4,4,4,2,2,4,5,3,4,1,3,3,3,4,3,2,5,4,2,2,2,4,2,3,2,4,4,4,4,2,2,4,3,2,4,4,5,4,4,2,2,4,"Denmark, Aalborg",0,2,"Energy and heat processing and management, Chemical, Engineering","Secondary Sector (involves the transformation of raw materials into goods), Tertiary sector (involves trade and the provision of services to consumers and /or companies)",Média,"Managers(Senior manager, manager)",This questionnaire is too long and complicated
44325.41265923611,1,5.0,5,4,4,5,5,2,2,2,3,3,5,5,4,5,5,3,3,3,3,3,5,4,3,3,4,3,3,3,3,3,5,5,5,5,5,3,2,2,2,3,4,3,4,4,4,2,2,3,3,4,4,4,4,4,4,2,2,3,3,4,5,5,3,5,5,4,3,3,3,4,3,4,4,5,5,3,3,2,3,5,5,5,5,5,5,1,1,2,2,5,4,5,5,4,5,3,2,2,3,4,4,4,4,5,5,3,2,2,2,4,5,5,5,5,5,3,3,3,3,4,4,3,4,4,4,3,3,3,4,4,4,4,3,3,4,3,2,3,2,4,5,5,5,5,5,3,2,2,2,4,5,5,5,5,5,2,1,2,2,5,5,5,5,5,5,3,2,2,2,5,5,5,5,5,5,3,2,1,1,5,5,5,5,5,5,2,2,1,2,5,5,5,5,5,5,3,1,1,1,5,5,4,3,4,4,2,1,1,2,5,5,5,5,3,5,3,1,1,2,5,5,5,4,5,5,3,2,2,2,4,5,4,5,5,5,3,3,2,3,5,Denamrk,1,4,Academia/Research Institution,"Quaternary Sector (involves intellectual activities, such as information generation and sharing)",Grande,PhD,
44325.498085486106,1,3.0,3,3,3,3,3,4,5,5,3,5,2,3,4,2,4,2,3,2,4,2,2,4,4,4,3,4,4,2,3,4,3,4,4,4,4,4,2,4,4,5,3,4,4,5,5,5,3,5,5,3,4,4,3,4,3,4,4,4,4,4,4,4,3,4,4,4,4,3,4,3,2,2,2,2,2,3,3,4,2,4,4,4,3,4,4,4,3,2,4,5,2,3,1,3,1,3,3,4,4,4,3,3,3,2,3,3,3,4,3,4,3,4,4,4,4,4,3,3,5,4,3,4,4,4,4,2,2,4,3,3,3,3,3,3,4,4,4,2,2,4,2,3,4,3,2,3,3,4,4,4,4,3,2,2,3,4,3,3,3,3,2,3,3,3,3,3,4,5,5,5,3,3,3,3,3,4,4,4,4,5,2,3,3,3,3,3,4,4,4,3,3,3,2,3,4,4,3,4,3,4,3,3,2,2,2,3,3,3,4,3,3,3,3,3,2,2,4,5,5,5,3,3,4,3,4,4,4,4,4,5,3,3,3,3,3,2,4,4,4,4,"Denmark, Aarhus ",1,3,"Engineering, Construction","Quaternary Sector (involves intellectual activities, such as information generation and sharing)",Grande,"Advisor (Senior advisor, advisor)",
44325.56970040509,1,,3,3,3,3,3,4,4,4,4,2,4,5,3,3,4,4,4,3,4,3,2,2,2,2,1,5,4,3,5,2,2,2,1,1,4,4,3,4,5,2,2,2,2,3,3,4,4,4,5,2,3,5,1,2,2,4,4,5,5,2,5,4,4,4,5,4,4,3,2,3,3,2,2,1,2,4,4,4,5,1,2,3,1,2,2,3,4,5,5,2,3,3,3,2,2,5,4,5,4,1,5,4,3,3,4,5,5,4,4,3,3,3,4,3,4,5,5,5,4,1,4,4,4,3,3,4,4,5,4,2,4,3,3,2,3,5,4,5,5,2,3,3,2,2,3,4,4,5,5,2,5,4,5,5,5,5,4,5,4,1,4,5,4,4,4,5,4,5,3,2,3,4,4,3,3,4,4,4,5,2,3,4,1,2,4,5,4,4,4,2,4,4,1,4,4,5,5,5,4,3,4,5,2,1,5,5,5,5,5,2,5,5,3,4,5,4,3,4,3,3,5,5,4,3,5,3,3,3,3,4,4,4,3,5,3,4,4,3,2,3,Denmark,1,4,"Waste processing and management, Energy and heat processing and management, Recycling, Engineering","Secondary Sector (involves the transformation of raw materials into goods), Tertiary sector (involves trade and the provision of services to consumers and /or companies), Quaternary Sector (involves intellectual activities, such as information generation and sharing)",Média,"Managers(Senior manager, manager)",
44325.67641054398,1,,4,3,4,3,5,1,1,1,1,5,5,4,4,5,5,5,5,1,1,3,1,5,3,1,2,5,5,3,5,2,5,5,5,4,5,5,5,5,2,2,2,4,5,5,5,5,5,4,4,4,2,3,3,5,5,4,4,4,1,4,5,4,2,3,5,1,1,1,4,5,3,3,3,3,3,4,4,4,4,1,4,3,4,5,5,1,1,1,1,3,5,5,5,3,5,5,5,1,1,3,5,4,4,3,4,1,1,3,3,3,4,4,5,5,5,5,5,5,3,3,5,3,4,3,4,5,5,5,4,2,3,4,4,3,4,5,5,3,3,3,4,4,3,3,5,3,5,5,3,3,2,3,3,5,5,4,5,3,3,3,3,4,3,3,5,4,4,4,4,4,3,4,5,3,3,1,1,3,3,4,4,5,2,3,4,4,4,3,3,4,5,4,4,3,4,5,5,5,5,2,2,4,4,3,5,5,4,2,3,4,5,5,5,3,5,5,2,2,3,5,4,5,4,3,4,4,4,4,3,4,5,3,4,5,4,4,3,3,3,4,Denmark,1,5,"Waste processing and management, Energy and heat processing and management, Recycling",Tertiary sector (involves trade and the provision of services to consumers and /or companies),Média,"Managers(Senior manager, manager)",
44326.223242395834,1,,4,5,4,2,3,3,4,3,3,4,4,3,4,5,5,5,2,4,4,3,5,4,4,5,4,5,1,5,2,2,4,4,3,2,3,4,4,3,3,4,4,4,4,3,3,4,4,3,4,4,5,5,5,2,2,1,2,4,4,2,5,2,1,5,4,2,1,5,4,3,3,2,2,5,5,3,5,2,5,2,5,4,4,4,3,4,2,4,4,2,4,5,1,3,5,5,3,5,4,3,5,4,4,4,4,2,4,3,4,4,2,5,5,5,5,5,2,5,2,4,5,5,5,3,4,1,1,2,4,2,5,3,3,4,3,4,3,4,5,4,5,4,4,5,4,5,4,3,5,4,5,5,5,5,5,1,2,5,5,4,4,4,3,3,4,5,3,5,3,3,5,5,5,3,3,2,1,2,3,3,3,4,3,3,2,3,4,3,4,3,5,2,2,5,5,2,5,5,2,5,5,4,5,3,5,4,3,3,5,3,5,5,5,2,5,5,5,4,2,4,5,5,4,3,4,5,4,5,4,3,5,4,3,3,4,5,4,4,5,3,Copenhage,0,4,"Academia/Research Institution, Consultancy, Non-governmental organization (NGO)","Quaternary Sector (involves intellectual activities, such as information generation and sharing), Quinary Sector (involves non-profit services such as health, education, culture, research (unpaid), police, firefighters, civil guard and non-governmental organizations).",Pequena,Staff (operational jobs),
44326.225115451394,1,,4,4,4,5,5,4,2,4,4,4,4,4,4,3,4,4,4,4,4,4,3,3,3,3,3,3,3,3,3,3,5,5,5,5,5,4,4,4,4,4,4,4,4,4,4,4,4,4,4,4,4,4,4,4,4,4,4,4,4,4,4,4,4,4,4,4,4,4,4,4,4,4,4,4,4,4,4,4,4,4,4,4,4,4,4,4,4,4,4,4,4,4,4,4,4,4,4,4,4,4,4,4,4,4,4,4,4,4,4,4,4,4,4,4,4,4,4,4,4,4,4,4,4,4,4,4,4,4,4,4,4,4,4,4,4,4,4,4,4,4,4,3,3,3,3,4,4,4,3,3,3,3,3,3,3,3,3,3,3,3,3,3,3,3,3,3,3,3,3,3,3,3,3,3,3,3,3,3,3,3,3,3,3,3,3,3,3,3,3,3,3,3,3,3,3,3,3,3,3,3,3,3,3,3,3,3,3,3,3,3,3,3,3,3,3,3,3,3,3,3,3,3,3,3,3,3,3,3,3,3,3,3,3,3,3,3,3,3,3,3,Denmark,1,3,Academia/Research Institution,Secondary Sector (involves the transformation of raw materials into goods),Pequena,Staff (operational jobs),
44326.255551863425,1,4.0,4,4,3,4,4,4,3,2,2,3,4,4,3,4,4,3,3,3,2,3,3,4,3,4,4,3,3,3,2,2,4,4,3,4,3,3,2,3,3,3,3,3,2,3,3,3,3,3,3,3,5,4,4,2,3,4,4,3,3,4,4,4,3,3,3,4,4,4,3,3,4,4,3,3,4,4,4,4,3,4,4,4,3,4,4,3,3,4,3,3,4,4,3,4,4,4,3,4,3,3,4,5,3,4,4,2,2,3,3,3,4,5,3,4,4,4,4,4,3,3,3,3,3,3,3,3,3,3,3,3,4,4,3,4,4,3,3,4,3,3,4,4,3,4,4,3,3,4,2,2,5,5,4,4,4,4,2,3,4,3,4,4,3,3,4,3,3,3,3,3,4,4,3,3,4,3,3,3,3,3,3,4,3,4,4,4,3,3,4,3,4,4,4,3,4,4,4,4,3,3,3,3,3,4,4,4,4,4,3,3,5,4,3,4,5,4,4,3,3,3,5,4,4,3,5,3,3,4,5,4,4,4,3,4,3,3,3,3,3,3,"Denmark, capital, Copenhagen","I have a degree in circular economy, but currently don´t work directly with that ",4,"Government, Academia/Research Institution, Textile, Footwear and/or Apparel, Recycling","Quaternary Sector (involves intellectual activities, such as information generation and sharing)",Grande,"Advisor (Senior advisor, advisor)",
44326.26915630787,1,,4,4,3,4,4,2,2,2,4,3,4,2,2,5,4,4,2,2,3,4,4,5,4,5,5,5,5,5,2,4,4,4,4,3,5,3,4,2,2,4,4,2,3,2,4,1,1,1,2,4,4,4,4,3,3,1,1,1,2,4,4,4,3,4,4,1,1,1,2,4,4,5,4,4,4,1,1,1,2,4,3,2,3,3,4,2,2,3,4,4,4,2,4,3,4,1,1,1,2,4,4,3,3,2,4,3,2,2,3,4,4,4,4,3,5,5,2,4,3,4,4,2,4,3,4,4,4,2,2,4,4,4,3,4,4,2,2,2,3,4,4,4,3,4,4,2,2,2,3,4,4,4,3,3,4,2,2,2,3,4,3,4,3,4,4,2,2,4,3,4,4,1,4,1,2,1,1,1,1,4,4,5,3,2,4,1,1,1,2,4,4,2,3,3,3,4,4,4,3,3,3,2,3,3,3,4,4,4,3,3,4,2,2,1,4,1,1,1,2,4,4,4,3,3,5,2,2,3,2,4,4,4,2,4,4,3,3,4,2,4,"Copenhagen, Denmark",0,4,,,Micro,Staff (operational jobs),
44326.35970678241,1,,4,3,3,3,3,3,3,3,5,3,4,4,4,4,4,3,2,4,4,4,3,4,4,4,4,5,4,1,4,4,4,4,4,3,5,4,2,4,4,5,4,5,5,4,5,4,2,2,4,4,3,3,4,2,3,4,4,5,5,2,2,3,4,4,4,5,4,2,4,4,5,5,4,4,4,4,4,2,2,4,3,3,3,3,3,3,3,3,3,3,4,4,5,5,5,2,2,1,2,4,5,5,4,5,5,2,2,2,2,4,2,5,5,5,5,4,2,5,2,5,2,3,5,3,3,3,3,2,3,3,4,5,5,5,5,3,3,3,2,4,5,3,3,5,5,2,2,2,2,5,4,4,4,5,5,5,4,2,2,2,5,5,5,5,5,2,2,2,2,5,5,5,5,5,5,5,5,2,2,4,2,1,3,3,3,4,4,3,5,2,1,2,1,3,1,4,4,2,4,2,5,5,5,5,5,2,2,1,1,5,5,5,5,5,5,4,2,2,2,5,5,5,5,5,5,4,2,2,2,5,5,5,3,2,5,5,5,5,5,4,"Denmark, Østjylland, Aarhus",0,4,"Water processing and management, Don't work with Circular economy - I have an interest in it - specialized in Water","Secondary Sector (involves the transformation of raw materials into goods), Quaternary Sector (involves intellectual activities, such as information generation and sharing)",Grande,Project Manager.,
44326.59074755787,1,,3,4,2,3,3,2,3,3,3,3,4,4,3,4,4,5,5,4,4,3,4,4,4,4,4,5,5,5,5,5,3,4,4,4,4,5,5,4,4,3,4,3,3,2,3,3,3,3,4,3,4,3,5,3,3,3,2,3,3,3,4,4,4,3,3,3,3,2,3,3,5,5,5,4,4,3,3,3,4,3,4,3,4,4,4,4,4,4,4,3,2,2,3,4,4,3,3,2,2,3,5,5,4,5,5,4,4,4,5,4,4,5,4,5,5,5,5,5,5,3,3,3,4,3,3,3,3,2,2,3,5,4,2,3,4,3,3,3,3,3,4,3,4,4,4,3,3,3,3,3,5,4,3,4,3,4,3,4,3,4,4,3,3,2,4,5,5,5,4,3,4,4,5,1,2,3,3,3,3,3,4,5,5,4,4,3,3,4,4,3,4,4,3,4,5,5,5,5,5,3,4,4,4,2,5,5,5,4,4,3,4,5,3,1,5,5,5,5,5,3,4,4,4,4,5,4,4,4,4,3,3,3,3,4,4,4,4,4,4,3,Denmark,Indirectly through other sustainability efforts,4,"Academia/Research Institution, Agrifood, Pharma and Biotechnology","Secondary Sector (involves the transformation of raw materials into goods), Tertiary sector (involves trade and the provision of services to consumers and /or companies)",Grande,Sustainability Assistant,
44326.821771319446,1,,5,3,4,3,3,4,4,4,5,4,5,4,3,4,4,5,5,5,5,4,5,3,5,3,3,5,5,5,5,4,5,4,5,5,5,4,4,2,2,2,5,4,4,4,4,4,4,3,5,4,5,5,4,5,5,5,5,5,5,4,5,4,5,4,4,5,5,5,5,3,5,5,5,5,5,3,3,3,3,2,5,3,3,5,5,5,5,4,4,2,5,3,3,3,5,4,4,1,1,1,5,4,4,4,5,4,4,2,2,2,5,5,5,5,5,5,5,5,5,4,5,4,5,5,5,5,5,5,5,3,5,3,3,5,5,5,5,5,5,4,5,5,4,5,5,5,5,3,4,2,5,4,3,5,5,5,5,5,5,4,5,4,4,5,5,5,5,5,5,2,5,4,5,3,3,3,3,3,3,3,5,4,4,5,5,3,3,3,3,2,5,3,3,3,3,3,3,3,3,3,5,4,4,5,5,4,4,4,4,2,5,4,4,5,5,5,5,5,4,2,5,4,4,5,5,5,5,5,4,3,5,4,4,5,5,5,4,4,4,2,Denmark,0,3,"Consultancy, Waste processing and management, Energy and heat processing and management, Recycling, Engineering",,Individual,"Executive or Strategic Manager  (Senior executive, executive)",
44327.29474778935,1,,4,1,3,1,1,3,3,4,3,2,2,4,1,4,4,5,5,4,4,2,4,3,1,4,3,4,5,4,4,2,4,4,1,4,5,5,4,4,4,2,4,3,1,3,3,4,4,4,4,2,4,3,3,1,1,4,4,4,4,2,4,4,1,1,2,5,5,4,4,2,5,5,1,1,1,4,4,3,2,4,2,3,1,3,3,4,4,5,5,2,4,2,1,1,2,4,4,4,4,2,4,3,1,1,1,2,2,2,2,2,2,4,1,3,4,5,5,5,5,1,3,3,4,2,3,5,5,4,4,2,3,4,1,3,4,5,5,4,5,2,3,4,1,3,4,5,5,5,5,2,5,4,1,2,2,5,5,5,5,1,4,4,1,3,5,4,4,4,4,2,4,3,4,1,1,4,4,4,4,2,4,4,1,2,4,3,3,4,4,2,4,1,1,1,1,5,5,5,5,1,4,4,1,1,4,4,4,4,4,2,4,4,1,1,4,4,4,4,4,2,4,4,1,3,3,4,4,4,4,2,4,3,1,5,5,5,5,4,4,2,Denmark,0,3,Academia/Research Institution,"Quaternary Sector (involves intellectual activities, such as information generation and sharing)",Grande,"Managers(Senior manager, manager)",
44328.31430184028,1,,2,1,2,4,4,2,1,3,2,4,4,5,4,4,4,4,3,3,2,5,3,5,4,5,5,3,3,3,4,5,3,4,4,5,5,3,4,3,2,5,4,5,4,4,4,4,3,3,3,5,3,4,5,1,1,3,2,2,3,5,3,2,3,3,4,2,2,3,3,3,3,3,2,2,2,2,2,3,3,5,3,4,3,4,4,3,3,3,3,4,3,3,3,3,4,3,3,3,3,5,3,3,3,4,5,4,3,4,3,5,3,5,4,5,5,5,2,3,3,5,3,2,3,3,4,4,3,3,3,3,3,3,3,5,5,4,2,4,3,5,4,3,3,4,5,3,2,3,3,4,5,4,2,3,4,4,3,4,3,4,3,5,4,5,5,4,3,4,2,5,3,4,5,3,3,4,3,3,3,4,3,4,2,4,4,4,2,3,4,4,3,3,3,3,3,4,3,4,4,2,3,3,2,3,4,4,2,3,4,4,3,2,2,1,5,4,3,3,4,5,3,2,3,5,5,3,2,3,3,3,3,3,4,5,5,4,3,4,4,5,Arnhem,1,5,Furniture,Secondary Sector (involves the transformation of raw materials into goods),Grande,"Executive or Strategic Manager  (Senior executive, executive)",
44328.36660040509,1,,3,4,4,4,3,2,3,2,3,4,5,5,4,5,5,4,3,3,2,4,5,5,4,5,5,3,3,4,4,4,5,5,4,5,5,3,3,3,4,4,5,4,5,5,5,3,3,3,4,5,4,2,5,3,3,3,3,3,3,3,4,5,3,5,5,3,3,3,3,5,5,5,5,5,5,3,3,3,3,5,5,5,5,5,5,4,3,4,3,5,5,5,5,5,5,3,3,3,3,5,4,4,4,4,4,3,3,3,3,4,5,5,5,5,5,4,3,3,4,5,4,3,3,3,4,4,3,2,2,5,5,5,5,5,5,3,3,3,4,5,4,4,4,4,4,3,3,3,3,4,5,3,5,5,5,4,3,3,4,5,5,5,5,5,5,4,3,3,3,5,5,3,5,3,3,2,2,2,2,4,5,5,4,5,5,3,3,3,2,5,5,5,3,5,5,4,3,3,3,5,5,4,3,3,5,4,3,3,2,4,5,4,3,3,4,3,2,2,2,5,5,5,3,5,5,3,2,2,3,5,4,4,3,5,4,3,3,3,3,5,Denmark,1,4,Consultancy,Tertiary sector (involves trade and the provision of services to consumers and /or companies),Grande,"Advisor (Senior advisor, advisor)",
44333.23791481482,1,4.0,3,3,3,4,2,3,3,4,3,3,3,4,3,4,3,2,3,3,3,3,3,3,3,4,2,3,3,3,3,3,3,4,2,3,3,4,3,3,3,2,3,4,2,3,3,3,3,3,3,3,3,3,4,3,1,3,3,3,3,3,3,4,3,2,3,3,3,3,3,3,3,3,3,3,3,2,3,4,3,3,3,4,3,2,3,3,4,3,3,3,3,3,3,4,3,2,3,4,3,3,3,4,3,2,3,3,3,3,3,3,3,3,3,3,3,3,4,2,3,3,3,4,2,3,3,3,3,3,3,3,3,4,3,2,3,3,3,2,3,3,3,4,3,2,3,3,3,3,3,3,3,4,3,2,3,3,2,3,3,3,3,4,3,2,3,3,3,3,3,3,3,4,3,2,3,3,3,3,3,3,3,4,3,4,4,4,4,2,3,3,3,4,4,4,4,4,4,4,4,4,4,4,4,4,4,4,4,4,4,4,4,4,4,4,4,4,4,4,4,4,4,2,2,2,3,3,3,3,3,3,4,3,3,3,3,3,4,3,2,3,Denmark,1,3,Non-governmental organization (NGO),Tertiary sector (involves trade and the provision of services to consumers and /or companies),Pequena,"Middle Management (Senior director, director)",
44333.270604143516,1,5.0,5,5,4,5,5,3,3,4,5,3,5,5,4,5,5,5,5,5,5,5,5,5,5,5,5,5,5,5,5,5,5,3,3,5,5,3,3,3,3,3,5,5,3,5,5,5,5,5,5,5,4,4,4,4,4,4,4,4,4,4,5,3,3,3,3,5,5,5,5,5,3,3,3,3,5,3,3,3,3,3,5,5,3,5,5,4,4,4,4,4,3,3,3,3,3,3,3,3,3,3,3,3,3,3,3,3,3,3,3,3,5,5,3,4,5,5,5,5,5,5,3,3,3,3,3,3,3,3,3,3,5,3,3,5,5,5,5,5,5,5,5,5,3,5,5,3,3,3,3,3,5,3,3,5,5,5,5,5,5,5,5,3,3,5,5,5,5,5,5,5,3,3,3,3,3,3,3,3,3,3,3,3,3,3,3,3,3,3,3,3,4,4,4,4,4,4,4,4,4,4,5,5,5,5,5,5,5,5,5,5,5,5,5,5,5,3,3,3,3,3,3,3,3,3,3,3,3,3,3,3,5,5,5,5,5,3,3,3,3,3,Denmark,1,5,Consultancy,"Quaternary Sector (involves intellectual activities, such as information generation and sharing)",Grande,"Middle Management (Senior director, director)",
44335.29437118056,1,5.0,4,4,4,4,4,4,4,4,4,4,4,4,4,4,4,4,4,4,4,4,4,4,4,4,4,4,4,4,4,4,4,4,4,4,4,4,4,4,4,4,4,4,4,4,4,4,4,4,4,4,4,4,4,4,4,4,4,4,4,4,4,4,4,4,4,4,4,4,4,4,4,4,4,4,4,4,4,4,4,4,4,4,4,4,4,4,4,4,4,4,4,4,4,4,4,4,4,4,4,4,4,4,4,4,4,4,4,4,4,4,4,4,4,4,4,4,4,4,4,4,4,4,4,4,4,4,4,4,4,4,4,4,4,4,4,4,4,4,4,4,4,4,4,4,4,4,4,4,4,4,4,4,4,4,4,4,4,4,4,4,4,4,4,4,4,4,4,4,4,4,4,4,4,4,4,4,4,4,4,4,4,4,4,4,4,4,4,4,4,4,4,4,4,4,4,4,4,4,4,4,4,4,4,4,4,4,4,4,4,4,4,4,4,4,4,4,4,4,4,4,4,4,4,4,4,4,4,4,4,4,4,4,4,4,4,4,4,4,4,4,"Denmark, Copenhagen",1,5,"Government, Academia/Research Institution, Trade Unions (sindicates) of workers, Association of vulnerable workers, Consultancy, Non-governmental organization (NGO), Waste processing and management, Energy and heat processing and management, Water processing and management, Textile, Footwear and/or Apparel, Automotive, Electro and Electronics, Packaging, Agrifood, Recycling, Engineering, Construction, Did Circular Economy & Eco-design it-research in Berlin 2014-2018","Primary Sector (involves the extraction and/or production of raw materials), Secondary Sector (involves the transformation of raw materials into goods), Tertiary sector (involves trade and the provision of services to consumers and /or companies), Quaternary Sector (involves intellectual activities, such as information generation and sharing), Quinary Sector (involves non-profit services such as health, education, culture, research (unpaid), police, firefighters, civil guard and non-governmental organizations)., Did Circular Economy & Eco-design it-research in Berlin 2014-2018",Individual,"Advisor (Senior advisor, advisor), Did Circular Economy & Eco-design it-research in Berlin 2014-2018",Did Circular Economy & Eco-design it-research in Berlin 2014-2018
44340.414641469906,1,,4,4,4,4,4,3,2,3,4,3,4,4,4,3,4,4,3,4,5,4,3,3,3,3,3,3,3,3,3,3,2,2,2,2,2,2,2,2,2,2,4,4,2,3,2,4,4,4,4,4,4,5,5,5,5,3,3,2,2,4,3,3,3,3,3,3,3,3,3,3,2,2,2,2,2,2,2,2,2,2,4,4,4,4,4,2,2,3,4,5,4,4,4,4,4,3,3,2,3,4,4,4,4,4,4,2,2,3,3,4,4,4,4,4,4,2,2,2,3,4,4,4,4,4,4,3,3,3,4,4,4,4,4,4,4,3,2,3,3,4,4,4,4,4,4,2,2,3,4,5,4,4,4,4,4,4,2,3,4,4,4,4,4,4,4,1,1,3,3,5,4,4,4,4,4,3,3,3,4,5,4,4,4,4,4,4,3,2,4,5,4,4,4,4,4,4,4,4,4,5,4,4,4,4,4,3,2,3,4,4,4,4,4,4,4,4,2,2,4,4,5,4,4,4,4,3,2,3,3,5,5,4,4,4,4,2,2,4,4,5,"Nykøbing Falster, Region Sjælland, Danmark",Partly through work in production,4,Production,Secondary Sector (involves the transformation of raw materials into goods),Micro,Staff (operational jobs),"Some af the questions were impossible to answer, as 3 questions with just one answer "
44341.207712372685,1,,3,4,4,3,4,4,4,3,4,4,2,4,4,5,5,5,5,5,4,3,3,4,3,4,4,5,4,3,4,3,2,4,2,5,5,1,1,3,4,4,3,3,3,3,3,3,3,3,3,3,2,2,2,2,2,2,2,2,2,2,3,5,3,4,4,4,4,2,2,3,2,4,4,2,3,2,2,3,4,3,3,3,3,3,3,3,3,3,3,3,3,5,4,3,4,3,3,2,4,3,4,4,2,2,3,3,4,2,3,3,3,4,5,4,4,4,5,2,3,3,3,3,3,3,3,3,3,3,3,3,2,4,2,4,4,2,2,3,4,3,3,5,2,4,4,2,2,3,4,3,2,4,2,2,2,3,3,4,4,3,3,5,5,5,5,4,4,2,3,3,3,4,5,4,4,4,4,4,4,3,3,3,3,3,3,3,3,3,3,3,4,3,4,4,3,4,3,2,2,4,4,4,3,4,4,4,2,4,3,3,4,2,2,3,4,4,4,2,3,3,3,4,2,4,4,2,2,4,4,3,3,3,3,3,3,3,3,3,3,3,"Denmark, Copenhagen",1,3,Non-governmental organization (NGO),"Quaternary Sector (involves intellectual activities, such as information generation and sharing)",Pequena,Staff (operational jobs),
44342.82879828704,1,,5,4,3,4,5,5,5,2,4,5,5,2,3,4,5,2,4,3,4,5,5,1,3,1,4,4,4,3,3,4,5,5,5,4,4,5,5,4,5,5,5,5,5,4,4,3,3,2,2,5,5,3,4,1,1,3,4,3,4,4,4,3,1,4,5,2,2,1,5,5,5,3,1,3,4,2,2,3,2,4,5,3,2,3,4,4,4,3,3,4,5,5,3,4,5,4,4,3,3,4,4,5,3,3,4,4,3,4,4,4,5,5,3,4,4,5,5,5,5,3,4,3,3,3,4,4,4,4,5,3,4,3,2,2,4,4,4,4,5,4,5,3,2,4,5,4,4,4,5,4,5,3,2,5,5,3,3,4,5,4,5,4,2,4,5,3,3,3,3,4,5,5,5,3,4,4,4,5,5,5,5,5,3,3,4,4,4,4,4,4,4,3,2,1,3,4,4,5,5,3,5,5,2,5,5,4,4,5,5,5,5,5,3,1,4,4,2,2,1,5,5,5,3,5,5,2,2,2,3,5,5,3,2,5,5,5,4,4,4,5,"Denmark, Midtjylland, 7400 Herning ",0,4,"Textile, Footwear and/or Apparel",,Micro,,Good luck 👍
44347.49467672454,1,,3,4,4,5,4,3,3,5,5,5,3,5,3,5,5,4,4,5,5,5,3,4,5,5,5,5,5,5,5,4,3,5,5,5,5,4,4,5,5,4,3,4,5,5,5,5,5,5,5,5,3,4,5,2,2,4,3,4,5,5,3,3,3,5,5,3,3,3,4,5,3,5,5,4,4,4,4,3,4,5,3,3,4,5,5,4,4,4,5,5,3,5,5,4,5,5,5,3,3,5,3,3,3,3,3,4,4,4,5,5,4,5,4,4,4,4,4,3,5,5,3,3,4,3,3,4,4,3,4,3,3,4,5,5,5,4,4,3,3,5,3,4,3,5,5,3,3,4,4,5,3,3,3,5,5,4,4,4,4,5,3,4,5,5,5,5,5,3,3,5,4,5,5,3,3,4,4,3,3,5,2,4,4,3,4,4,4,3,5,4,3,3,4,5,5,5,5,4,5,5,4,4,4,5,5,5,5,4,5,5,3,3,4,2,4,4,3,3,5,4,4,4,4,5,5,4,4,3,5,5,4,4,4,5,5,4,4,3,5,4,Denmark,1,4,"Academia/Research Institution, Energy and heat processing and management, Agrifood","Quaternary Sector (involves intellectual activities, such as information generation and sharing)",Grande,Staff (operational jobs),
44347.548967511575,1,,4,2,5,3,4,5,5,5,5,5,5,5,5,4,5,5,5,5,5,3,2,5,5,5,5,5,5,5,5,5,4,5,5,5,5,5,5,5,5,3,3,3,5,5,5,5,5,5,5,5,5,5,5,4,4,5,5,5,5,5,4,5,4,5,5,5,5,5,5,5,5,2,5,4,4,5,5,5,5,5,3,4,5,5,5,5,5,5,5,5,5,5,5,5,5,5,5,5,5,5,5,5,5,5,5,5,5,5,5,2,5,5,5,5,5,5,5,5,5,1,5,1,2,5,5,5,5,5,5,1,5,5,5,5,5,5,5,5,5,2,5,3,5,5,5,5,5,5,5,3,5,2,3,5,5,5,5,5,5,4,3,4,5,5,5,5,5,5,5,1,5,5,5,5,5,5,5,5,5,1,4,5,5,5,5,5,5,5,5,4,5,5,5,5,5,5,5,5,5,3,4,4,5,5,5,5,5,5,5,3,4,5,5,5,5,5,5,5,5,3,5,5,5,5,5,5,5,5,5,3,4,5,5,5,5,5,5,5,5,2,"Denmark, Randers C",1,4,"Academia/Research Institution, Recycling","Quaternary Sector (involves intellectual activities, such as information generation and sharing), Quinary Sector (involves non-profit services such as health, education, culture, research (unpaid), police, firefighters, civil guard and non-governmental organizations).",Média,Staff (operational jobs),
44348.18683427083,1,,4,4,3,2,4,4,2,2,2,2,4,4,3,5,5,4,4,2,3,2,2,2,4,4,3,4,5,2,4,3,4,5,2,4,4,4,4,3,3,3,4,2,4,1,2,3,3,3,3,3,4,2,4,2,2,4,4,2,4,4,4,3,4,2,4,4,4,4,4,2,3,3,3,3,3,3,3,3,3,3,5,5,4,4,5,4,4,4,4,4,4,4,3,4,4,3,4,4,4,2,4,4,2,3,4,4,2,4,4,3,3,4,4,4,4,4,4,4,2,4,3,3,3,3,3,3,3,3,3,3,4,4,4,2,4,4,4,2,2,2,4,4,4,4,4,4,4,4,4,4,3,2,4,4,4,4,4,5,4,2,4,4,3,4,4,4,4,5,2,2,4,5,4,1,2,4,4,2,4,2,3,3,3,3,3,3,3,3,3,3,4,4,4,4,4,4,3,4,4,4,4,4,2,2,4,4,4,3,2,4,4,4,3,2,4,4,3,4,4,4,4,4,2,4,4,4,4,2,4,4,3,4,2,4,4,4,4,2,3,4,Denmark,1,4,Academia/Research Institution,"Quaternary Sector (involves intellectual activities, such as information generation and sharing)",Grande,Staff (operational jobs),
44348.400078287035,1,,4,4,4,5,5,5,5,5,5,4,5,3,4,5,5,5,3,5,5,5,5,2,5,5,5,5,4,4,4,5,5,5,5,5,5,3,3,3,3,5,3,3,4,1,3,2,2,4,5,4,5,5,5,4,5,3,3,3,3,5,5,5,5,5,5,5,5,1,5,5,5,5,5,5,5,3,3,3,3,5,5,5,5,5,5,4,3,5,5,5,5,5,5,5,5,3,3,3,3,5,4,5,5,5,5,5,5,3,3,5,5,5,5,5,5,4,3,3,3,5,4,4,4,3,3,4,4,4,5,3,5,5,5,5,5,5,3,5,5,5,5,5,5,5,5,3,3,5,5,5,5,5,5,5,5,5,5,5,5,5,4,4,4,3,3,3,3,5,3,3,4,4,4,4,4,4,4,4,4,4,5,5,5,3,3,3,3,3,4,3,4,4,3,3,2,2,2,2,2,3,4,4,4,4,4,4,3,3,3,4,5,5,5,5,5,3,3,3,3,5,5,5,4,5,5,4,3,5,5,5,5,5,5,5,5,5,5,5,5,5,Denmark,1,5,"Textile, Footwear and/or Apparel","Quinary Sector (involves non-profit services such as health, education, culture, research (unpaid), police, firefighters, civil guard and non-governmental organizations).",Grande,"Managers(Senior manager, manager)",
44348.6065702662,1,,1,5,5,3,3,1,1,1,1,2,1,4,5,5,5,2,2,4,1,2,1,3,3,2,4,2,2,4,4,4,2,5,5,4,5,2,2,3,1,2,2,5,3,3,4,2,2,3,1,2,1,3,5,3,4,2,2,2,4,3,4,5,5,3,4,2,2,3,2,2,4,5,4,3,4,1,1,3,2,2,4,5,5,3,4,2,2,3,2,2,5,5,5,1,4,4,3,3,2,1,5,5,5,3,4,4,4,3,2,3,5,5,5,4,4,4,4,4,4,4,5,5,5,2,3,3,2,2,2,3,5,5,5,4,3,2,2,2,2,3,4,5,5,3,4,2,2,2,2,3,2,5,5,4,4,4,4,4,4,3,5,5,5,3,4,2,2,3,3,3,4,4,4,3,3,2,2,3,3,2,4,5,4,3,3,3,3,3,3,2,2,3,4,3,4,2,2,3,2,3,4,5,4,5,4,2,2,3,2,3,4,4,4,1,5,2,2,3,2,3,1,4,4,4,4,3,3,3,3,3,4,5,4,5,5,4,4,3,3,3,"Denmark, Aarhus",1,4,"Consultancy, Non-governmental organization (NGO), Recycling","Quinary Sector (involves non-profit services such as health, education, culture, research (unpaid), police, firefighters, civil guard and non-governmental organizations).",Micro,business consultant ,
44348.72605232639,1,,3,3,4,3,4,3,3,3,4,3,5,4,4,4,4,4,4,4,4,3,3,5,3,5,5,4,4,4,4,3,4,5,3,5,5,4,3,4,4,3,5,5,5,5,5,5,4,4,4,4,4,3,3,3,4,4,4,3,4,4,5,5,5,5,5,4,4,4,4,3,3,4,4,4,5,3,4,3,4,3,3,4,3,5,5,4,4,4,4,3,4,5,4,5,5,4,4,4,4,3,5,4,5,4,5,5,4,4,4,3,4,5,4,5,5,4,4,5,5,3,5,5,5,5,5,5,5,4,4,3,4,5,4,5,5,4,4,4,4,3,5,5,5,5,5,5,5,5,4,3,5,5,5,5,5,5,5,5,5,3,4,5,4,5,5,4,4,4,4,3,5,4,4,4,5,4,2,4,4,3,4,5,4,5,5,4,2,4,4,3,4,5,3,5,5,4,2,3,4,3,5,5,5,5,5,4,3,4,4,3,5,5,5,5,5,5,2,4,4,3,5,5,5,5,5,4,3,5,5,3,5,5,5,5,5,5,3,4,4,3,"Denmark, copenhagen ",1,4,"Waste processing and management, Energy and heat processing and management, scope 1,2,3 CO2 emission calculation and reduction",Secondary Sector (involves the transformation of raw materials into goods),Grande,"Advisor (Senior advisor, advisor)",
44357.358799131944,1,,3,3,4,4,3,2,3,3,2,3,5,5,4,5,4,4,4,4,3,3,3,3,4,4,4,4,3,4,4,4,5,5,4,3,3,2,2,3,3,4,4,3,4,3,4,3,2,2,3,4,2,1,2,2,3,1,1,2,3,3,3,3,4,3,3,5,4,3,4,3,4,3,5,3,4,2,2,2,3,3,4,4,4,4,4,3,3,4,3,3,5,4,4,4,4,2,2,2,3,3,5,4,4,3,4,4,3,3,3,3,5,5,4,3,4,4,4,4,3,4,4,2,3,2,2,4,4,3,4,3,4,4,4,4,4,3,3,4,3,3,4,4,4,3,3,3,3,2,3,3,5,4,4,3,3,2,2,3,3,2,4,4,3,4,4,5,4,4,4,4,4,3,3,3,3,3,3,3,3,3,4,5,5,5,5,2,2,2,2,3,3,4,4,4,4,4,3,5,3,3,5,5,5,5,5,5,3,4,3,3,5,4,4,5,5,4,3,4,3,4,5,5,5,5,5,2,2,3,2,3,4,4,4,5,5,3,3,3,3,3,Denmark,1,3,"Academia/Research Institution, Consultancy, Textile, Footwear and/or Apparel, Engineering",Tertiary sector (involves trade and the provision of services to consumers and /or companies),Micro,"Advisor (Senior advisor, advisor)",
44362.725275613426,1,3.0,3,5,4,4,4,4,3,3,4,4,3,4,4,4,4,4,4,4,4,4,3,4,4,4,4,3,3,3,4,4,3,4,4,4,4,3,3,3,4,4,3,4,4,4,4,3,3,3,4,4,3,4,4,4,4,2,2,3,3,3,3,4,4,4,4,3,3,3,4,4,3,4,4,4,4,3,3,3,3,4,3,4,4,4,4,3,3,4,3,4,3,4,4,4,4,3,3,4,4,4,3,4,4,4,4,3,3,4,3,4,3,4,4,4,4,4,3,4,4,4,3,4,4,4,4,3,3,3,4,4,2,4,4,4,4,3,3,4,4,4,3,4,4,4,4,3,3,4,4,4,3,4,4,4,4,3,3,3,4,4,3,4,4,4,4,3,3,3,4,4,4,4,4,4,4,4,3,4,3,4,3,4,4,4,4,3,3,3,4,4,3,4,4,4,4,4,3,4,4,4,3,4,4,4,4,4,3,4,4,4,3,4,4,4,4,4,3,3,3,4,2,4,4,4,4,3,3,3,3,4,3,4,4,4,4,4,3,3,3,4,Denmark,1,5,"Consultancy, Textile, Footwear and/or Apparel, Packaging, Agrifood, Chemical, Engineering, social integration eco incentive economics","Secondary Sector (involves the transformation of raw materials into goods), Tertiary sector (involves trade and the provision of services to consumers and /or companies), Quaternary Sector (involves intellectual activities, such as information generation and sharing), Sustainable research and commercialization",Micro,"Executive or Strategic Manager  (Senior executive, executive)",
